"活動ID","建立日期","平台","頻道名稱","活動標題","貼文則數","貼文類型","貼文連結","Meta post ID","留言數","留言加購","銷售額NT$"
"716665","2026-08-12","Instagram","tzgems1111","2026/08/12 祖母綠貼文","1","Reel","https://www.instagram.com/reel/Db7DZD9kacB/","18108449579039196","0","0","0"
"716664","2026-08-12","Facebook","泰熙爾 札娜寶石學院 - 世界各式彩寶.原礦批發 - 代客切磨 . 教學     Tahir Zainab Gems & Rough of World","2026/08/12 祖母綠貼文","1","Reel","https://www.facebook.com/reel/1048861917626854/","1627804834169159_1549522387187704","0","0","0"
"716631","2026-08-12","Instagram","tzgems1111","2026/08/12貼文","1","照片","https://www.instagram.com/p/Db6_AvEjsQ4/","18162638152461701","2","0","0"
"716630","2026-08-12","Facebook","泰熙爾 札娜寶石學院 - 世界各式彩寶.原礦批發 - 代客切磨 . 教學     Tahir Zainab Gems & Rough of World","2026/08/12貼文","1","照片","https://www.facebook.com/681888940617724/posts/1549500590523217","1627804834169159_1549500590523217","0","0","0"
"715789","2026-08-08","Facebook","泰熙爾 札娜寶石學院 - 世界各式彩寶.原礦批發 - 代客切磨 . 教學     Tahir Zainab Gems & Rough of World","加入寵粉社群","1","Reel","https://www.facebook.com/reel/2201954847425513/","1627804834169159_1546650407474902","6","0","0"
"715788","2026-08-08","Instagram","tzgems1111","加入寵粉社群","1","Reel","https://www.instagram.com/reel/DbzUOMOTjG_/","18112111387966040","11","0","0"
"715503","2026-08-07","Facebook","泰熙爾 札娜寶石學院 - 世界各式彩寶.原礦批發 - 代客切磨 . 教學     Tahir Zainab Gems & Rough of World","寵愛自己系列[鴿子蛋戒指系]20260807f88fb","1","Reel","https://www.facebook.com/reel/1804956704251021/","1627804834169159_1545188890954387","136","0","0"
"715501","2026-08-07","Instagram","tzgems1111","寵愛自己系列[鴿子蛋戒指系]20260807f88ig","1","Reel","https://www.instagram.com/reel/DbvIcrXsHXH/","18114528020297304","54","0","0"
"715437","2026-08-07","Facebook","泰熙爾 札娜寶石學院 - 世界各式彩寶.原礦批發 - 代客切磨 . 教學     Tahir Zainab Gems & Rough of World","農曆七月｜平安守護能量20260807f89fb","1","Reel","https://www.facebook.com/reel/1022877957229161/","1627804834169159_1545080887631854","3","0","0"
"715435","2026-08-07","Instagram","tzgems1111","農曆七月｜平安守護能量20260807f89ig","1","Reel","https://www.instagram.com/reel/DbuzwRosmXk/","18110603846081197","107","0","0"
"715430","2026-08-07","Facebook","泰熙爾 札娜寶石學院 - 世界各式彩寶.原礦批發 - 代客切磨 . 教學     Tahir Zainab Gems & Rough of World","彩鑽平替裸石20260807f87fb","1","Reel","https://www.facebook.com/reel/1729613631644878/","1627804834169159_1545212740952002","33","0","0"
"715427","2026-08-07","Instagram","tzgems1111","彩鑽平替裸石20260807f87ig","1","Reel","https://www.instagram.com/reel/DbvKyd6sKy4/","18420952255147563","13","0","0"
"715420","2026-08-07","Facebook","泰熙爾 札娜寶石學院 - 世界各式彩寶.原礦批發 - 代客切磨 . 教學     Tahir Zainab Gems & Rough of World","2026新版招商代理版本(特殊關鍵字)","1","Reel","https://www.facebook.com/reel/1762963911497438/","1627804834169159_1546826414123968","0","0","0"
"715418","2026-08-07","Instagram","tzgems1111","2026新版招商代理版本(特殊關鍵字)","1","Reel","https://www.instagram.com/reel/Db0LNEryovB/","18139086532577382","6","0","0"
"715170","2026-08-06","Instagram","tzgems1111","七夕貼文","2","照片","https://www.instagram.com/p/DbsV124Gk33/
https://www.instagram.com/p/Db5I5QZjvZ5/","18013971467864188
17901071904483357","5","0","0"
"715169","2026-08-06","Facebook","泰熙爾 札娜寶石學院 - 世界各式彩寶.原礦批發 - 代客切磨 . 教學     Tahir Zainab Gems & Rough of World","七夕貼文","2","照片","https://www.facebook.com/681888940617724/posts/1544187647721178
https://www.facebook.com/681888940617724/posts/1548793643927245","1627804834169159_1544187647721178
1627804834169159_1548793643927245","3","0","0"
"715164","2026-08-06","Instagram","tzgems1111","男士珠寶貼文","1","照片","https://www.instagram.com/p/DbsVOCVGqs1/","18323058349279467","5","0","0"
"715163","2026-08-06","Facebook","泰熙爾 札娜寶石學院 - 世界各式彩寶.原礦批發 - 代客切磨 . 教學     Tahir Zainab Gems & Rough of World","男士珠寶貼文","1","照片","https://www.facebook.com/681888940617724/posts/1544183907721552","1627804834169159_1544183907721552","9","0","0"
"715117","2026-08-06","Facebook","","愛情的味道｜手鍊｜招桃花首選 加強版 粉色寶石20260815g26fb","0","","","","0","0","0"
"715107","2026-08-06","Facebook","","千萬翡翠套組平替系列 玉隨套組20260815g25fb","0","","","","0","0","0"
"715105","2026-08-06","Facebook","","十二星座寶石專屬指南20260815g24fb","0","","","","0","0","0"
"715103","2026-08-06","Facebook","","穿著Prada的惡魔220260813g23fb","0","","","","0","0","0"
"715100","2026-08-06","Facebook","","旺財貔貅｜發財小神獸20260813g22fb","0","","","","0","0","0"
"715098","2026-08-06","Facebook","","彩寶耳環｜特賣會20260813g21fb","0","","","","0","0","0"
"715095","2026-08-06","Facebook","泰熙爾 札娜寶石學院 - 世界各式彩寶.原礦批發 - 代客切磨 . 教學     Tahir Zainab Gems & Rough of World","🌸風信子石&💚透輝石(裸石)20260812g20fb","1","Reel","https://www.facebook.com/reel/1540415247562136/","1627804834169159_1549627460510530","11","0","0"
"715092","2026-08-06","Facebook","泰熙爾 札娜寶石學院 - 世界各式彩寶.原礦批發 - 代客切磨 . 教學     Tahir Zainab Gems & Rough of World","天然琥珀｜能量守護選品20260812g19fb","1","Reel","https://www.facebook.com/reel/2299954684165705/","1627804834169159_1549591557180787","3","0","0"
"715090","2026-08-06","Facebook","泰熙爾 札娜寶石學院 - 世界各式彩寶.原礦批發 - 代客切磨 . 教學     Tahir Zainab Gems & Rough of World","幸運守護｜四葉草手鍊20260812g18fb","1","Reel","https://www.facebook.com/reel/1082628401114136/","1627804834169159_1549553503851259","0","0","0"
"715088","2026-08-06","Facebook","泰熙爾 札娜寶石學院 - 世界各式彩寶.原礦批發 - 代客切磨 . 教學     Tahir Zainab Gems & Rough of World","風信子石|裸石20260811g17fb","1","Reel","https://www.facebook.com/reel/1242744267946566/","1627804834169159_1548648240608452","38","0","0"
"715087","2026-08-06","Facebook","泰熙爾 札娜寶石學院 - 世界各式彩寶.原礦批發 - 代客切磨 . 教學     Tahir Zainab Gems & Rough of World","能量之王｜紫龍晶裸石20260811g16fb","1","Reel","https://www.facebook.com/reel/1571626911285025/","1627804834169159_1548606833945926","6","0","0"
"715086","2026-08-06","Facebook","泰熙爾 札娜寶石學院 - 世界各式彩寶.原礦批發 - 代客切磨 . 教學     Tahir Zainab Gems & Rough of World","財富能量| 黃鐵礦20260811g15fb","1","Reel","https://www.facebook.com/reel/1557751202812040/","1627804834169159_1548556627284280","5","0","0"
"715083","2026-08-06","Facebook","泰熙爾 札娜寶石學院 - 世界各式彩寶.原礦批發 - 代客切磨 . 教學     Tahir Zainab Gems & Rough of World","黑金超七｜項鏈20260810g14fb","1","Reel","https://www.facebook.com/reel/1044292405078434/","1627804834169159_1547640304042579","30","0","0"
"715082","2026-08-06","Facebook","泰熙爾 札娜寶石學院 - 世界各式彩寶.原礦批發 - 代客切磨 . 教學     Tahir Zainab Gems & Rough of World","帝王拓帕石系列｜裸石 ｜寵粉20260810g13fb","1","Reel","https://www.facebook.com/reel/1719035979401731/","1627804834169159_1547604330712843","38","0","0"
"715079","2026-08-06","Facebook","泰熙爾 札娜寶石學院 - 世界各式彩寶.原礦批發 - 代客切磨 . 教學     Tahir Zainab Gems & Rough of World","倫敦藍拓帕｜方枕型裸石20260810g12fb","1","Reel","https://www.facebook.com/reel/1754440799309853/","1627804834169159_1547566890716587","17","0","0"
"715076","2026-08-06","Facebook","泰熙爾 札娜寶石學院 - 世界各式彩寶.原礦批發 - 代客切磨 . 教學     Tahir Zainab Gems & Rough of World","璀璨永恆｜祖母綠戒指20260809g11fb","1","Reel","https://www.facebook.com/reel/1782012923260936/","1627804834169159_1546721510801125","49","0","0"
"715073","2026-08-06","Facebook","泰熙爾 札娜寶石學院 - 世界各式彩寶.原礦批發 - 代客切磨 . 教學     Tahir Zainab Gems & Rough of World","三顆一起收藏 💎 寶石套組限量放漏20260809g10fb","1","Reel","https://www.facebook.com/reel/1629333128795184/","1627804834169159_1546721597467783","12","0","0"
"715070","2026-08-06","Facebook","泰熙爾 札娜寶石學院 - 世界各式彩寶.原礦批發 - 代客切磨 . 教學     Tahir Zainab Gems & Rough of World","自帶光芒｜手鏈｜天然歐泊20260809g09fb","1","Reel","https://www.facebook.com/reel/1747666036534190/","1627804834169159_1546721464134463","1","0","0"
"715069","2026-08-06","Facebook","泰熙爾 札娜寶石學院 - 世界各式彩寶.原礦批發 - 代客切磨 . 教學     Tahir Zainab Gems & Rough of World","招財｜黃藍寶｜耳釘20260808g06fb","1","Reel","https://www.facebook.com/reel/873246258972246/","1627804834169159_1545837737556169","12","0","0"
"715036","2026-08-06","Facebook","泰熙爾 札娜寶石學院 - 世界各式彩寶.原礦批發 - 代客切磨 . 教學     Tahir Zainab Gems & Rough of World","晶體通透｜閃靈流沙水膽原礦20260808g08fb","1","Reel","https://www.facebook.com/reel/1580551273858975/","1627804834169159_1545837497556193","4","0","0"
"715025","2026-08-06","Facebook","泰熙爾 札娜寶石學院 - 世界各式彩寶.原礦批發 - 代客切磨 . 教學     Tahir Zainab Gems & Rough of World","能量水晶｜金髮晶蛋面吊墜20260808g07fb","1","Reel","https://www.facebook.com/reel/2015995239045873/","1627804834169159_1545837947556148","22","0","0"
"714577","2026-08-05","Instagram","tzgems1111","櫻花切工｜黃水晶｜裸石20260805g05ig","1","Reel","https://www.instagram.com/reel/DbpO0aZT7zV/","18124501921832236","25","0","0"
"714573","2026-08-05","Facebook","泰熙爾 札娜寶石學院 - 世界各式彩寶.原礦批發 - 代客切磨 . 教學     Tahir Zainab Gems & Rough of World","櫻花切工｜黃水晶｜裸石20260805g05fb","1","Reel","https://www.facebook.com/reel/919056287270186/","1627804834169159_1543057161167560","50","0","0"
"713346","2026-07-31","Facebook","泰熙爾 札娜寶石學院 - 世界各式彩寶.原礦批發 - 代客切磨 . 教學     Tahir Zainab Gems & Rough of World","天河石・粉晶・紫牙烏能量手串20260731f86fb","1","Reel","https://www.facebook.com/reel/1626645332368833/","1627804834169159_1538708088269134","204","0","0"
"713345","2026-07-31","Instagram","tzgems1111","天河石・粉晶・紫牙烏能量手串20260731f86ig","1","Reel","https://www.instagram.com/reel/DbdBrf_MKBd/","18085427501423959","86","0","0"
"713340","2026-07-31","Facebook","泰熙爾 札娜寶石學院 - 世界各式彩寶.原礦批發 - 代客切磨 . 教學     Tahir Zainab Gems & Rough of World","寵粉系列｜18K天然真鑽戒指20260731f85fb","1","Reel","https://www.facebook.com/reel/1301153925216289/","1627804834169159_1538615794945030","92","0","0"
"713337","2026-07-31","Instagram","tzgems1111","寵粉系列｜18K天然真鑽戒指20260731f85ig","1","Reel","https://www.instagram.com/reel/Dbcx02Hscvc/","18403046314089425","62","0","0"
"713334","2026-07-31","Facebook","泰熙爾 札娜寶石學院 - 世界各式彩寶.原礦批發 - 代客切磨 . 教學     Tahir Zainab Gems & Rough of World","玉髓葫蘆・好事成雙20260731f84fb","1","Reel","https://www.facebook.com/reel/1332747648578687/","1627804834169159_1538602848279658","18","0","0"
"713332","2026-07-31","Instagram","tzgems1111","玉髓葫蘆・好事成雙20260731f84ig","1","Reel","https://www.instagram.com/reel/Dbcu-L5s5pZ/","18546161065072677","14","0","0"
"713171","2026-07-30","Instagram","tzgems1111","聰明選擇健康加分倒官方 貼文","1","照片","https://www.instagram.com/p/DbaZt10FMqK/","17981379158874704","1","0","0"
"713170","2026-07-30","Facebook","泰熙爾 札娜寶石學院 - 世界各式彩寶.原礦批發 - 代客切磨 . 教學     Tahir Zainab Gems & Rough of World","聰明選擇健康加分倒官方 貼文","1","照片","https://www.facebook.com/681888940617724/posts/1537768355029774","1627804834169159_1537768355029774","1","0","0"
"713159","2026-07-30","Instagram","tzgems1111","明星同款美學 貼文","1","照片","https://www.instagram.com/p/DbaWwnvGkni/","17892336789595462","1","0","0"
"713158","2026-07-30","Facebook","泰熙爾 札娜寶石學院 - 世界各式彩寶.原礦批發 - 代客切磨 . 教學     Tahir Zainab Gems & Rough of World","明星同款美學 貼文","1","照片","https://www.facebook.com/681888940617724/posts/1537750868364856","1627804834169159_1537750868364856","2","0","0"
"713099","2026-07-30","Facebook","泰熙爾 札娜寶石學院 - 世界各式彩寶.原礦批發 - 代客切磨 . 教學     Tahir Zainab Gems & Rough of World","消磁聚寶盆| 瑪瑙晶洞20260806g04fb","1","Reel","https://www.facebook.com/reel/4381855088739136/","1627804834169159_1544030057736937","9","0","0"
"713098","2026-07-30","Facebook","泰熙爾 札娜寶石學院 - 世界各式彩寶.原礦批發 - 代客切磨 . 教學     Tahir Zainab Gems & Rough of World","天然胖三角綠水晶裸石20260806g03fb","1","Reel","https://www.facebook.com/reel/4426706790922040/","1627804834169159_1543994167740526","7","0","0"
"713093","2026-07-30","Facebook","泰熙爾 札娜寶石學院 - 世界各式彩寶.原礦批發 - 代客切磨 . 教學     Tahir Zainab Gems & Rough of World","輕寶石｜石榴石｜S925銀｜手鏈20260806g02fb","1","Reel","https://www.facebook.com/reel/1819628422359320/","1627804834169159_1543956814410928","0","0","0"
"713085","2026-07-30","Facebook","泰熙爾 札娜寶石學院 - 世界各式彩寶.原礦批發 - 代客切磨 . 教學     Tahir Zainab Gems & Rough of World","祖母綠經典婚戒20260805g01fb","1","Reel","https://www.facebook.com/reel/1365569071620386/","1627804834169159_1543094807830462","30","0","0"
"713083","2026-07-30","Facebook","泰熙爾 札娜寶石學院 - 世界各式彩寶.原礦批發 - 代客切磨 . 教學     Tahir Zainab Gems & Rough of World","16石💎寵粉戒指💎20260805g99fb","1","Reel","https://www.facebook.com/reel/1359041772386027/","1627804834169159_1543057084500901","0","0","0"
"713076","2026-07-30","Facebook","泰熙爾 札娜寶石學院 - 世界各式彩寶.原礦批發 - 代客切磨 . 教學     Tahir Zainab Gems & Rough of World","海岸微光｜天然淡水珍珠套組20260805g98fb","1","Reel","https://www.facebook.com/reel/1782565966243822/","1627804834169159_1543016514504958","0","0","0"
"713073","2026-07-30","Facebook","泰熙爾 札娜寶石學院 - 世界各式彩寶.原礦批發 - 代客切磨 . 教學     Tahir Zainab Gems & Rough of World","能量盾牌｜彩虹黑曜岩手串20260804g97fb","1","Reel","https://www.facebook.com/reel/983626358057548/","1627804834169159_1542165444590065","32","0","0"
"713071","2026-07-30","Facebook","泰熙爾 札娜寶石學院 - 世界各式彩寶.原礦批發 - 代客切磨 . 教學     Tahir Zainab Gems & Rough of World","彩寶｜雙石戒指20260804g96fb","1","Reel","https://www.facebook.com/reel/1575205557291223/","1627804834169159_1542123821260894","0","0","0"
"713069","2026-07-30","Facebook","泰熙爾 札娜寶石學院 - 世界各式彩寶.原礦批發 - 代客切磨 . 教學     Tahir Zainab Gems & Rough of World","星輝骨幹｜貔貅20260804g95fb","1","Reel","https://www.facebook.com/reel/1566763271472821/","1627804834169159_1542086021264674","13","0","0"
"713066","2026-07-30","Facebook","泰熙爾 札娜寶石學院 - 世界各式彩寶.原礦批發 - 代客切磨 . 教學     Tahir Zainab Gems & Rough of World","祖母綠平替｜透輝石｜吊墜20260803g94fb","1","Reel","https://www.facebook.com/reel/1549404673350783/","1627804834169159_1541219408018002","27","0","0"
"713060","2026-07-30","Facebook","泰熙爾 札娜寶石學院 - 世界各式彩寶.原礦批發 - 代客切磨 . 教學     Tahir Zainab Gems & Rough of World","蕭邦同款｜彩寶可開關寶盒20260803g93fb","1","Reel","https://www.facebook.com/reel/2077944772798075/","1627804834169159_1541183914688218","1","0","0"
"713041","2026-07-30","Facebook","泰熙爾 札娜寶石學院 - 世界各式彩寶.原礦批發 - 代客切磨 . 教學     Tahir Zainab Gems & Rough of World","30分天然鑽石 × 18K金20260803g92fb","1","Reel","https://www.facebook.com/reel/1034969009421384/","1627804834169159_1541148351358441","1","0","0"
"713038","2026-07-30","Facebook","泰熙爾 札娜寶石學院 - 世界各式彩寶.原礦批發 - 代客切磨 . 教學     Tahir Zainab Gems & Rough of World","30分黃鑽耳環&花若盛開蝴蝶墜飾(預購)20260802g91fb","1","Reel","https://www.facebook.com/reel/1554509006405960/","1627804834169159_1540282491445027","16","0","0"
"713036","2026-07-30","Facebook","泰熙爾 札娜寶石學院 - 世界各式彩寶.原礦批發 - 代客切磨 . 教學     Tahir Zainab Gems & Rough of World","阿富汗碧璽 3選一20260802g90fb","1","Reel","https://www.facebook.com/reel/1345520524318966/","1627804834169159_1540282381445038","1","0","0"
"713034","2026-07-30","Facebook","泰熙爾 札娜寶石學院 - 世界各式彩寶.原礦批發 - 代客切磨 . 教學     Tahir Zainab Gems & Rough of World","限時寵粉-招財黃水晶20260802g89fb","1","Reel","https://www.facebook.com/reel/1047547454934740/","1627804834169159_1540282094778400","101","0","0"
"713031","2026-07-30","Facebook","泰熙爾 札娜寶石學院 - 世界各式彩寶.原礦批發 - 代客切磨 . 教學     Tahir Zainab Gems & Rough of World","奧勒岡太陽石20260801g88fb","1","Reel","https://www.facebook.com/reel/1760528501744490/","1627804834169159_1539373051535971","22","0","0"
"713030","2026-07-30","Facebook","泰熙爾 札娜寶石學院 - 世界各式彩寶.原礦批發 - 代客切磨 . 教學     Tahir Zainab Gems & Rough of World","寵粉閨蜜藍色托帕石戒指20260801g87fb","1","Reel","https://www.facebook.com/reel/4662003177361421/","1627804834169159_1539373308202612","0","0","0"
"713029","2026-07-30","Facebook","泰熙爾 札娜寶石學院 - 世界各式彩寶.原礦批發 - 代客切磨 . 教學     Tahir Zainab Gems & Rough of World","時來運轉 Turning Point20260801g86fb","1","Reel","https://www.facebook.com/reel/2125235651374684/","1627804834169159_1539373504869259","39","0","0"
"713021","2026-07-30","Facebook","泰熙爾 札娜寶石學院 - 世界各式彩寶.原礦批發 - 代客切磨 . 教學     Tahir Zainab Gems & Rough of World","2026新版招商代理版本","3","Reel","https://www.facebook.com/reel/1754814962222943/
https://www.facebook.com/reel/1211633841120155/
https://www.facebook.com/reel/4549996771946642/","1627804834169159_1540504814756128
1627804834169159_1546051617534781
1627804834169159_1548519377288005","6","0","0"
"713020","2026-07-30","Instagram","tzgems1111","2026新版招商代理版本","3","Reel","https://www.instagram.com/reel/DbiJntfB6-N/
https://www.instagram.com/reel/DbxmXLlhKPS/
https://www.instagram.com/reel/Db4dxxxSpsN/","17859443058676008
18110021471319016
18097516478215237","12","0","0"
"713015","2026-07-30","Facebook","泰熙爾 札娜寶石學院 - 世界各式彩寶.原礦批發 - 代客切磨 . 教學     Tahir Zainab Gems & Rough of World","20260705每天得罪一個品牌，卡地亞","1","Reel","https://www.facebook.com/reel/1698370344727435/","1627804834169159_1537466608393282","5","0","0"
"713014","2026-07-30","Instagram","tzgems1111","20260705每天得罪一個品牌，卡地亞","1","Reel","https://www.instagram.com/reel/DbZkUrJsAeI/","18109801276974963","21","0","0"
"712782","2026-07-29","Instagram","tzgems1111","坦桑石吊墜","1","照片","https://www.instagram.com/p/DbYAm_-oO2x/","18108362615108843","2","0","0"
"712780","2026-07-29","Facebook","泰熙爾 札娜寶石學院 - 世界各式彩寶.原礦批發 - 代客切磨 . 教學     Tahir Zainab Gems & Rough of World","坦桑石吊墜","1","照片","https://www.facebook.com/681888940617724/posts/1536895968450346","1627804834169159_1536895968450346","19","0","0"
"712336","2026-07-28","Facebook","","POST 2026/07/28 18:48","0","","","","0","0","0"
"712255","2026-07-28","Instagram","tzgems1111","加入官方line 貼文","1","照片","https://www.instagram.com/p/DbU-8kFGtSJ/","17875048938534408","0","0","0"
"712254","2026-07-28","Facebook","泰熙爾 札娜寶石學院 - 世界各式彩寶.原礦批發 - 代客切磨 . 教學     Tahir Zainab Gems & Rough of World","加入官方line 貼文","1","照片","https://www.facebook.com/681888940617724/posts/1535778408562102","1627804834169159_1535778408562102","0","0","0"
"712251","2026-07-28","Instagram","tzgems1111","貓型水晶貼文","1","照片","https://www.instagram.com/p/DbU8iNCGvvm/","17909324634445365","0","0","0"
"712250","2026-07-28","Facebook","泰熙爾 札娜寶石學院 - 世界各式彩寶.原礦批發 - 代客切磨 . 教學     Tahir Zainab Gems & Rough of World","貓型水晶貼文","1","照片","https://www.facebook.com/681888940617724/posts/1535757935230816","1627804834169159_1535757935230816","2","0","0"
"712202","2026-07-28","Instagram","tzgems1111","父親節導購 貼文","1","照片","https://www.instagram.com/p/DbUmHwbGuVA/","18074697917375665","1","0","0"
"712201","2026-07-28","Facebook","泰熙爾 札娜寶石學院 - 世界各式彩寶.原礦批發 - 代客切磨 . 教學     Tahir Zainab Gems & Rough of World","父親節導購 貼文","1","照片","https://www.facebook.com/681888940617724/posts/1535646048575338","1627804834169159_1535646048575338","0","0","0"
"712191","2026-07-28","Facebook","泰熙爾 札娜寶石學院 - 世界各式彩寶.原礦批發 - 代客切磨 . 教學     Tahir Zainab Gems & Rough of World","國際證書｜9.06克拉 無燒克什米爾矢車菊藍寶石20260728f83fb","1","Reel","https://www.facebook.com/reel/2281290759375416/","1627804834169159_1535657715240838","0","0","0"
"712190","2026-07-28","Instagram","tzgems1111","國際證書｜9.06克拉 無燒克什米爾矢車菊藍寶石20260728f83ig","1","Reel","https://www.instagram.com/reel/DbUocM_hrBt/","18342585832222373","0","0","0"
"712043","2026-07-27","Facebook","泰熙爾 札娜寶石學院 - 世界各式彩寶.原礦批發 - 代客切磨 . 教學     Tahir Zainab Gems & Rough of World","父親節限定20260731f82fb","1","Reel","https://www.facebook.com/reel/2301277927298425/","1627804834169159_1534996878640255","41","0","0"
"712037","2026-07-27","Instagram","tzgems1111","父親節限定20260731f82ig","1","Reel","https://www.instagram.com/reel/DbSyPTNsRS0/","18235710301314095","49","0","0"
"711929","2026-07-27","Facebook","泰熙爾 札娜寶石學院 - 世界各式彩寶.原礦批發 - 代客切磨 . 教學     Tahir Zainab Gems & Rough of World","天然變彩白歐泊20260730g85fb","1","Reel","https://www.facebook.com/reel/1401992788518136/","1627804834169159_1537578875048722","0","0","0"
"711928","2026-07-27","Facebook","泰熙爾 札娜寶石學院 - 世界各式彩寶.原礦批發 - 代客切磨 . 教學     Tahir Zainab Gems & Rough of World","月影秘語｜灰月光拉長石牌子20260730g84fb","1","Reel","https://www.facebook.com/reel/1031318376537831/","1627804834169159_1537543961718880","2","0","0"
"711926","2026-07-27","Facebook","泰熙爾 札娜寶石學院 - 世界各式彩寶.原礦批發 - 代客切磨 . 教學     Tahir Zainab Gems & Rough of World","百萬玻璃種翡翠平替｜水沫子平安扣20260730g83fb","1","Reel","https://www.facebook.com/reel/1231083499110972/","1627804834169159_1537504038389539","0","0","0"
"711924","2026-07-27","Facebook","泰熙爾 札娜寶石學院 - 世界各式彩寶.原礦批發 - 代客切磨 . 教學     Tahir Zainab Gems & Rough of World","阿斯切｜薰衣草水晶裸石20260729g82fb","1","Reel","https://www.facebook.com/reel/1106850288471172/","1627804834169159_1536642681809008","32","0","0"
"711921","2026-07-27","Facebook","泰熙爾 札娜寶石學院 - 世界各式彩寶.原礦批發 - 代客切磨 . 教學     Tahir Zainab Gems & Rough of World","伊莎·安巴妮致敬款｜豪華珠寶套組20260729g81fb","1","Reel","https://www.facebook.com/reel/1985663415424329/","1627804834169159_1536604285146181","6","0","0"
"711918","2026-07-27","Facebook","泰熙爾 札娜寶石學院 - 世界各式彩寶.原礦批發 - 代客切磨 . 教學     Tahir Zainab Gems & Rough of World","馬上有錢｜祖母綠吊墜20260729g80fb","1","Reel","https://www.facebook.com/reel/3566744130130860/","1627804834169159_1536562425150367","0","0","0"
"711914","2026-07-27","Facebook","泰熙爾 札娜寶石學院 - 世界各式彩寶.原礦批發 - 代客切磨 . 教學     Tahir Zainab Gems & Rough of World","高質感｜粉色寶石系列20260728g79fb","1","Reel","https://www.facebook.com/reel/1482489250583310/","1627804834169159_1535690308570912","6","0","0"
"711906","2026-07-27","Facebook","泰熙爾 札娜寶石學院 - 世界各式彩寶.原礦批發 - 代客切磨 . 教學     Tahir Zainab Gems & Rough of World","限時寵粉-玉髓20260728g78fb","1","Reel","https://www.facebook.com/reel/1676169997014113/","1627804834169159_1535657608574182","3","0","0"
"711456","2026-07-25","Instagram","tzgems1111","20260725招商(IG1111)","2","Reel","https://www.instagram.com/reel/DbMsWeDjSKL/
https://www.instagram.com/reel/DbVTwRWMXib/","18118271494869540
18098102966592863","33","0","0"
"711304","2026-07-24","Instagram","tzgems1111","黃鑽平替｜雷帝恩切工莫桑鑽耳針","1","照片","https://www.instagram.com/p/DbLAHMJnV-U/","18109233248471450","0","0","0"
"711291","2026-07-24","Facebook","泰熙爾 札娜寶石學院 - 世界各式彩寶.原礦批發 - 代客切磨 . 教學     Tahir Zainab Gems & Rough of World","黃鑽平替｜雷帝恩切工莫桑鑽耳針","2","照片","https://www.facebook.com/681888940617724/posts/1532424865564123
https://www.facebook.com/681888940617724/posts/1532435722229704","1627804834169159_1532424865564123
1627804834169159_1532435722229704","1","0","0"
"711277","2026-07-24","Instagram","tzgems1111","感謝卡 貼文","1","照片","https://www.instagram.com/p/DbK6mJ2GorR/","18083166236241508","0","0","0"
"711276","2026-07-24","Facebook","泰熙爾 札娜寶石學院 - 世界各式彩寶.原礦批發 - 代客切磨 . 教學     Tahir Zainab Gems & Rough of World","感謝卡 貼文","1","照片","https://www.facebook.com/681888940617724/posts/1532395895567020","1627804834169159_1532395895567020","1","0","0"
"711217","2026-07-24","Instagram","tzgems1111","貓形天然水晶裸石20260724f81ig","1","Reel","https://www.instagram.com/reel/DbLHPXzkkCY/","18110121883966521","159","0","0"
"711206","2026-07-24","Facebook","泰熙爾 札娜寶石學院 - 世界各式彩寶.原礦批發 - 代客切磨 . 教學     Tahir Zainab Gems & Rough of World","88父親節限定｜天然能量手鍊","1","Reel","https://www.facebook.com/reel/2179434049620158/","1627804834169159_1532415618898381","8","0","0"
"711200","2026-07-24","Facebook","泰熙爾 札娜寶石學院 - 世界各式彩寶.原礦批發 - 代客切磨 . 教學     Tahir Zainab Gems & Rough of World","貓形天然水晶裸石20260724f81fb","1","Reel","https://www.facebook.com/reel/2196115477619704/","1627804834169159_1532464845560125","95","0","0"
"711198","2026-07-24","Instagram","tzgems1111","88父親節限定｜天然能量手鍊20260724f80ig","1","Reel","https://www.instagram.com/reel/DbK-fe-DB08/","17929859775371723","18","0","0"
"711195","2026-07-24","Facebook","泰熙爾 札娜寶石學院 - 世界各式彩寶.原礦批發 - 代客切磨 . 教學     Tahir Zainab Gems & Rough of World","無燒紅寶石系列20260724f79fb","1","Reel","https://www.facebook.com/reel/1026113740202327/","1627804834169159_1532380365568573","31","0","0"
"711152","2026-07-24","Instagram","tzgems1111","無燒紅寶石系列20260724f79ig","1","Reel","https://www.instagram.com/reel/DbK3q_rFPNo/","18086849975215789","11","0","0"
"710527","2026-07-22","Facebook","泰熙爾 札娜寶石學院 - 世界各式彩寶.原礦批發 - 代客切磨 . 教學     Tahir Zainab Gems & Rough of World","塔級｜粉尖晶20260728g77fb","1","Reel","https://www.facebook.com/reel/2255827625237505/","1627804834169159_1535622288577714","6","0","0"
"710505","2026-07-22","Facebook","泰熙爾 札娜寶石學院 - 世界各式彩寶.原礦批發 - 代客切磨 . 教學     Tahir Zainab Gems & Rough of World","極光紫韻｜珍珠項鍊20260727g76fb","1","Reel","https://www.facebook.com/reel/1065944365955630/","1627804834169159_1534780145328595","3","0","0"
"710494","2026-07-22","Facebook","泰熙爾 札娜寶石學院 - 世界各式彩寶.原礦批發 - 代客切磨 . 教學     Tahir Zainab Gems & Rough of World","貴族之石｜粉紅碧璽20260727g75fb","1","Reel","https://www.facebook.com/reel/3609353025870894/","1627804834169159_1534747308665212","4","0","0"
"710490","2026-07-22","Facebook","泰熙爾 札娜寶石學院 - 世界各式彩寶.原礦批發 - 代客切磨 . 教學     Tahir Zainab Gems & Rough of World","一路滿賺 / 高級感拉滿 18k墨桑 銀河之星手鏈20260727g74fb","1","Reel","https://www.facebook.com/reel/1572671737723352/","1627804834169159_1534710862002190","5","0","0"
"710487","2026-07-22","Facebook","泰熙爾 札娜寶石學院 - 世界各式彩寶.原礦批發 - 代客切磨 . 教學     Tahir Zainab Gems & Rough of World","橄欖石黑碧璽｜裸石20260726g73fb","1","Reel","https://www.facebook.com/reel/2509504972886494/","1627804834169159_1532491878890755","22","0","0"
"710481","2026-07-22","Facebook","泰熙爾 札娜寶石學院 - 世界各式彩寶.原礦批發 - 代客切磨 . 教學     Tahir Zainab Gems & Rough of World","海境之心｜開合海龜吊墜20260726g72fb","1","Reel","https://www.facebook.com/reel/1769297951187716/","1627804834169159_1532491025557507","1","0","0"
"710472","2026-07-22","Facebook","泰熙爾 札娜寶石學院 - 世界各式彩寶.原礦批發 - 代客切磨 . 教學     Tahir Zainab Gems & Rough of World","剔透純淨｜天空藍拓帕石20260726g71fb","1","Reel","https://www.facebook.com/reel/870474755819810/","1627804834169159_1532489495557660","50","0","0"
"710450","2026-07-22","Facebook","泰熙爾 札娜寶石學院 - 世界各式彩寶.原礦批發 - 代客切磨 . 教學     Tahir Zainab Gems & Rough of World","30分天然鑽石 × 18K金｜獻給最愛的她20260725g70fb","1","Reel","https://www.facebook.com/reel/1932708177389837/","1627804834169159_1532320505574559","2","0","0"
"710444","2026-07-22","Facebook","泰熙爾 札娜寶石學院 - 世界各式彩寶.原礦批發 - 代客切磨 . 教學     Tahir Zainab Gems & Rough of World","斑彩菊石｜吊墜｜寵粉20260725g69fb","1","Reel","https://www.facebook.com/reel/1672605717159095/","1627804834169159_1532319452241331","7","0","0"
"710440","2026-07-22","Instagram","tzgems1111","8/8現下活動 貼文","1","照片","https://www.instagram.com/p/DbFngVLlNJ8/","18137187148580811","0","0","0"
"710439","2026-07-22","Facebook","泰熙爾 札娜寶石學院 - 世界各式彩寶.原礦批發 - 代客切磨 . 教學     Tahir Zainab Gems & Rough of World","8/8現下活動 貼文","1","照片","https://www.facebook.com/681888940617724/posts/1530648152408461","1627804834169159_1530648152408461","0","0","0"
"710434","2026-07-22","Facebook","泰熙爾 札娜寶石學院 - 世界各式彩寶.原礦批發 - 代客切磨 . 教學     Tahir Zainab Gems & Rough of World","珠寶等級紫水晶限量登場！20260725g68fb","1","Reel","https://www.facebook.com/reel/1070029895582880/","1627804834169159_1532318088908134","28","0","0"
"710432","2026-07-22","Instagram","tzgems1111","父親節 貼文","1","照片","https://www.instagram.com/p/DbFmFfclGkb/","18401205442080544","0","0","0"
"710431","2026-07-22","Facebook","泰熙爾 札娜寶石學院 - 世界各式彩寶.原礦批發 - 代客切磨 . 教學     Tahir Zainab Gems & Rough of World","父親節 貼文","1","照片","https://www.facebook.com/681888940617724/posts/1530640932409183","1627804834169159_1530640932409183","16","0","0"
"710428","2026-07-22","Facebook","泰熙爾 札娜寶石學院 - 世界各式彩寶.原礦批發 - 代客切磨 . 教學     Tahir Zainab Gems & Rough of World","太陽之石｜橄欖石｜手鍊20260723g67fb","1","Reel","https://www.facebook.com/reel/896478919673826/","1627804834169159_1531371969002746","2","0","0"
"710424","2026-07-22","Facebook","泰熙爾 札娜寶石學院 - 世界各式彩寶.原礦批發 - 代客切磨 . 教學     Tahir Zainab Gems & Rough of World","限量坦桑石20260723g66fb","1","Reel","https://www.facebook.com/reel/1833502548018296/","1627804834169159_1531337075672902","9","0","0"
"710420","2026-07-22","Facebook","泰熙爾 札娜寶石學院 - 世界各式彩寶.原礦批發 - 代客切磨 . 教學     Tahir Zainab Gems & Rough of World","寵粉彩藍寶有錢花戒指20260723g65fb","1","Reel","https://www.facebook.com/reel/1867093050919381/","1627804834169159_1531303195676290","0","0","0"
"710317","2026-07-22","Facebook","泰熙爾 札娜寶石學院 - 世界各式彩寶.原礦批發 - 代客切磨 . 教學     Tahir Zainab Gems & Rough of World","靈域之光｜閃靈油膽手鏈20260722g64fb","1","Reel","https://www.facebook.com/reel/2103119370605530/","1627804834169159_1530539549085988","58","0","0"
"710315","2026-07-22","Facebook","泰熙爾 札娜寶石學院 - 世界各式彩寶.原礦批發 - 代客切磨 . 教學     Tahir Zainab Gems & Rough of World","光之淨化石｜原礦透石膏山20260722g63fb","1","Reel","https://www.facebook.com/reel/1801558247647488/","1627804834169159_1530507255755884","5","0","0"
"710312","2026-07-22","Facebook","泰熙爾 札娜寶石學院 - 世界各式彩寶.原礦批發 - 代客切磨 . 教學     Tahir Zainab Gems & Rough of World","招財之石｜金運石吊墜20260722g62fb","1","Reel","https://www.facebook.com/reel/1601888304629040/","1627804834169159_1530471012426175","19","0","0"
"709997","2026-07-21","Facebook","泰熙爾 札娜寶石學院 - 世界各式彩寶.原礦批發 - 代客切磨 . 教學     Tahir Zainab Gems & Rough of World","寵粉訂製 招財貓頭鷹20260721g61fb","1","Reel","https://www.facebook.com/reel/2116946669244962/","1627804834169159_1529652769174666","9","0","0"
"709995","2026-07-21","Facebook","泰熙爾 札娜寶石學院 - 世界各式彩寶.原礦批發 - 代客切磨 . 教學     Tahir Zainab Gems & Rough of World","穩定溫和磁場｜天然鉍晶體20260721g60fb","1","Reel","https://www.facebook.com/reel/1626956932192125/","1627804834169159_1529614109178532","32","0","0"
"709993","2026-07-21","Facebook","泰熙爾 札娜寶石學院 - 世界各式彩寶.原礦批發 - 代客切磨 . 教學     Tahir Zainab Gems & Rough of World","紫黃晶｜裸石20260721g59fb","1","Reel","https://www.facebook.com/reel/1009279291900697/","1627804834169159_1529580059181937","70","0","0"
"709711","2026-07-20","Facebook","泰熙爾 札娜寶石學院 - 世界各式彩寶.原礦批發 - 代客切磨 . 教學     Tahir Zainab Gems & Rough of World","晨曦微光｜耳環20260720g58fb","1","Reel","https://www.facebook.com/reel/909653274828808/","1627804834169159_1528787475927862","8","0","0"
"709704","2026-07-20","Facebook","泰熙爾 札娜寶石學院 - 世界各式彩寶.原礦批發 - 代客切磨 . 教學     Tahir Zainab Gems & Rough of World","限時寵粉價｜人氣寶石三位數入手20260720g57fb","1","Reel","https://www.facebook.com/reel/1882480389785295/","1627804834169159_1528731802600096","0","0","0"
"709702","2026-07-20","Facebook","泰熙爾 札娜寶石學院 - 世界各式彩寶.原礦批發 - 代客切磨 . 教學     Tahir Zainab Gems & Rough of World","太陽之石｜橄欖石｜手鍊20260720g56fb","1","Reel","https://www.facebook.com/reel/2043333929878093/","1627804834169159_1528694829270460","23","0","0"
"709091","2026-07-17","Instagram","tzgems1111","蘋果紅寶石吊墜 貼文","1","照片","https://www.instagram.com/p/Da45neuFD3I/","18211393942340633","3","0","0"
"709090","2026-07-17","Facebook","泰熙爾 札娜寶石學院 - 世界各式彩寶.原礦批發 - 代客切磨 . 教學     Tahir Zainab Gems & Rough of World","蘋果紅寶石吊墜 貼文","1","照片","https://www.facebook.com/681888940617724/posts/1526395042833772","1627804834169159_1526395042833772","2","0","0"
"709086","2026-07-17","Instagram","tzgems1111","澄境流光｜天然藍托帕戒指 貼文","1","照片","https://www.instagram.com/p/Da45JkBFBUo/","17934281061098795","2","0","0"
"709085","2026-07-17","Facebook","泰熙爾 札娜寶石學院 - 世界各式彩寶.原礦批發 - 代客切磨 . 教學     Tahir Zainab Gems & Rough of World","澄境流光｜天然藍托帕戒指 貼文","1","照片","https://www.facebook.com/681888940617724/posts/1526391692834107","1627804834169159_1526391692834107","4","0","0"
"709077","2026-07-17","Instagram","tzgems1111","湛曜之境｜天然藍托帕石男戒 貼文","1","照片","https://www.instagram.com/p/Da44hA-FMxq/","18080944820646356","0","0","0"
"709073","2026-07-17","Facebook","泰熙爾 札娜寶石學院 - 世界各式彩寶.原礦批發 - 代客切磨 . 教學     Tahir Zainab Gems & Rough of World","湛曜之境｜天然藍托帕石男戒 貼文","1","照片","https://www.facebook.com/681888940617724/posts/1526388686167741","1627804834169159_1526388686167741","6","0","0"
"709067","2026-07-17","Facebook","泰熙爾 札娜寶石學院 - 世界各式彩寶.原礦批發 - 代客切磨 . 教學     Tahir Zainab Gems & Rough of World","女兒許願祖母綠｜一週七天不重複20260717f77fb","1","Reel","https://www.facebook.com/reel/978939861767753/","1627804834169159_1526451112828165","71","0","0"
"709063","2026-07-17","Instagram","tzgems1111","女兒許願祖母綠｜一週七天不重複20260717f77ig","1","Reel","https://www.instagram.com/reel/Da5ElpuMCKw/","18108374954083065","70","0","0"
"709059","2026-07-17","Facebook","泰熙爾 札娜寶石學院 - 世界各式彩寶.原礦批發 - 代客切磨 . 教學     Tahir Zainab Gems & Rough of World","性感系 胖三角寶石 泰熙爾汗 佛系寵粉20260717f78fb","1","Reel","https://www.facebook.com/reel/3160938080769532/","1627804834169159_1526454539494489","112","0","0"
"709045","2026-07-17","Instagram","tzgems1111","性感系 胖三角寶石 泰熙爾汗 佛系寵粉20260717f78ig","1","Reel","https://www.instagram.com/reel/Da5FfgOMDne/","17871921564553484","21","0","0"
"709028","2026-07-17","Facebook","泰熙爾 札娜寶石學院 - 世界各式彩寶.原礦批發 - 代客切磨 . 教學     Tahir Zainab Gems & Rough of World","珠寶入門指南20260717f76fb","1","Reel","https://www.facebook.com/reel/1457848442774814/","1627804834169159_1526407736165836","2","1","0"
"708959","2026-07-17","Instagram","tzgems1111","珠寶入門指南20260717f76ig","1","Reel","https://www.instagram.com/reel/Da4rvgQBt51/","18103763363169220","3","0","0"
"708711","2026-07-16","Instagram","tzgems1111","能量之王｜紫龍晶裸石 貼文","1","照片","https://www.instagram.com/p/Da2QKmBFOxS/","17898370692490905","0","0","0"
"708710","2026-07-16","Facebook","泰熙爾 札娜寶石學院 - 世界各式彩寶.原礦批發 - 代客切磨 . 教學     Tahir Zainab Gems & Rough of World","能量之王｜紫龍晶裸石 貼文","1","照片","https://www.facebook.com/681888940617724/posts/1525473562925920","1627804834169159_1525473562925920","29","0","0"
"708573","2026-07-16","Instagram","tzgems1111","彩寶耳環｜特賣會20260716g14ig","1","Reel","https://www.instagram.com/reel/Da1u3nThfxA/","18021578534899645","28","0","0"
"708307","2026-07-15","Facebook","泰熙爾 札娜寶石學院 - 世界各式彩寶.原礦批發 - 代客切磨 . 教學     Tahir Zainab Gems & Rough of World","20260812招商(已婚殺手)","1","Reel","https://www.facebook.com/reel/1347022453578098/","1627804834169159_1527902416016368","0","0","0"
"708305","2026-07-15","Instagram","tzgems1111","20260812招商(已婚殺手)","1","Reel","https://www.instagram.com/reel/Da9dSGITCXW/","17855955741697011","18","0","0"
"707970","2026-07-14","Facebook","","POST 2026/07/14 16:24","0","","","","0","0","0"
"707957","2026-07-14","Instagram","tzgems666","極光女神的眼淚ＩＧ","1","照片","https://www.instagram.com/p/DaxAK5Wk5YQ/","18369895084229670","2","0","0"
"707948","2026-07-14","Facebook","泰熙爾 札娜寶石學院 - 世界各式彩寶.原礦批發 - 代客切磨 . 教學     Tahir Zainab Gems & Rough of World","極光女神的眼淚","1","照片","https://www.facebook.com/681888940617724/posts/1523698923103384","1627804834169159_1523698923103384","3","0","0"
"707683","2026-07-13","Instagram","","🌹魅力燃燒｜紅色寶石20260719g16ig","0","","","","0","0","0"
"707644","2026-07-13","Facebook","泰熙爾 札娜寶石學院 - 世界各式彩寶.原礦批發 - 代客切磨 . 教學     Tahir Zainab Gems & Rough of World","阿富汗碧璽三選一20260719g55fb","1","Reel","https://www.facebook.com/reel/1069898628722835/","1627804834169159_1527902192683057","32","0","0"
"707639","2026-07-13","Facebook","泰熙爾 札娜寶石學院 - 世界各式彩寶.原礦批發 - 代客切磨 . 教學     Tahir Zainab Gems & Rough of World","輕寶石｜石榴石｜S925銀｜手鏈 ｜E1220260719g54fb","1","Reel","https://www.facebook.com/reel/1619694189587382/","1627804834169159_1527902079349735","11","0","0"
"707636","2026-07-13","Facebook","泰熙爾 札娜寶石學院 - 世界各式彩寶.原礦批發 - 代客切磨 . 教學     Tahir Zainab Gems & Rough of World","限量坦桑石20260719g53fb","1","Reel","https://www.facebook.com/reel/1000282595976935/","1627804834169159_1527902656016344","12","0","0"
"707628","2026-07-13","Instagram","","伊莎·安巴妮致敬款｜豪華珠寶套組20260718g15ig","0","","","","0","0","0"
"707626","2026-07-13","Facebook","泰熙爾 札娜寶石學院 - 世界各式彩寶.原礦批發 - 代客切磨 . 教學     Tahir Zainab Gems & Rough of World","寵粉彩藍寶有錢花戒指20260718g52fb","1","Reel","https://www.facebook.com/reel/1253634226736351/","1627804834169159_1527064649433478","4","4","0"
"707623","2026-07-13","Facebook","泰熙爾 札娜寶石學院 - 世界各式彩寶.原礦批發 - 代客切磨 . 教學     Tahir Zainab Gems & Rough of World","時來運轉 Turning Point20260718g51fb","1","Reel","https://www.facebook.com/reel/27431006723258019/","1627804834169159_1527064652766811","167","0","0"
"707621","2026-07-13","Facebook","泰熙爾 札娜寶石學院 - 世界各式彩寶.原礦批發 - 代客切磨 . 教學     Tahir Zainab Gems & Rough of World","寵粉閨蜜藍色托帕石戒指20260718g50fb","1","Reel","https://www.facebook.com/reel/1307266394815512/","1627804834169159_1527064866100123","3","0","0"
"707619","2026-07-13","Facebook","泰熙爾 札娜寶石學院 - 世界各式彩寶.原礦批發 - 代客切磨 . 教學     Tahir Zainab Gems & Rough of World","天選三石｜一生守護20260716g49fb","1","Reel","https://www.facebook.com/reel/1331063902014828/","1627804834169159_1525337676272842","0","0","0"
"707616","2026-07-13","Facebook","泰熙爾 札娜寶石學院 - 世界各式彩寶.原礦批發 - 代客切磨 . 教學     Tahir Zainab Gems & Rough of World","16石寵粉戒指20260716g48fb","1","Reel","https://www.facebook.com/reel/1050631117315058/","1627804834169159_1525302736276336","2","0","0"
"707614","2026-07-13","Facebook","泰熙爾 札娜寶石學院 - 世界各式彩寶.原礦批發 - 代客切磨 . 教學     Tahir Zainab Gems & Rough of World","十二生肖開運寶石20260716g47fb","1","Reel","https://www.facebook.com/reel/1556838942519463/","1627804834169159_1525266256279984","22","0","0"
"707613","2026-07-13","Instagram","tzgems1111","彩寶耳環｜特賣會20260715g13ig","1","Reel","https://www.instagram.com/reel/DazDL_sT92y/","18116474779854634","45","0","0"
"707612","2026-07-13","Facebook","泰熙爾 札娜寶石學院 - 世界各式彩寶.原礦批發 - 代客切磨 . 教學     Tahir Zainab Gems & Rough of World","限時寵粉-歐泊系列20260715g46fb","1","Reel","https://www.facebook.com/reel/880971417958502/","1627804834169159_1524448446361765","38","0","0"
"707611","2026-07-13","Facebook","泰熙爾 札娜寶石學院 - 世界各式彩寶.原礦批發 - 代客切磨 . 教學     Tahir Zainab Gems & Rough of World","自帶光芒｜手鏈｜天然歐泊20260715g45fb","1","Reel","https://www.facebook.com/reel/2434334013756472/","1627804834169159_1524412419698701","17","0","0"
"707609","2026-07-13","Facebook","泰熙爾 札娜寶石學院 - 世界各式彩寶.原礦批發 - 代客切磨 . 教學     Tahir Zainab Gems & Rough of World","老闆生日4/30優惠20260715g44fb","1","Reel","https://www.facebook.com/reel/1048484094297823/","1627804834169159_1524374116369198","581","0","0"
"707607","2026-07-13","Instagram","tzgems666","夢幻組合｜紫水晶吊墜｜藍月光耳針20260714g12ig","1","Reel","https://www.instagram.com/reel/DawlSvqzFYh/","17911617813241265","1","0","0"
"707535","2026-07-13","Facebook","泰熙爾 札娜寶石學院 - 世界各式彩寶.原礦批發 - 代客切磨 . 教學     Tahir Zainab Gems & Rough of World","老闆生日・會員專屬寵粉活動20260714g43fb","1","Reel","https://www.facebook.com/reel/1546854880179964/","1627804834169159_1523603556446254","150","0","0"
"707503","2026-07-13","Facebook","泰熙爾 札娜寶石學院 - 世界各式彩寶.原礦批發 - 代客切磨 . 教學     Tahir Zainab Gems & Rough of World","綠意財富｜天然胖三角綠水晶裸石20260714g42fb","1","Reel","https://www.facebook.com/reel/2671823936566026/","1627804834169159_1523570573116219","46","0","0"
"707485","2026-07-13","Facebook","泰熙爾 札娜寶石學院 - 世界各式彩寶.原礦批發 - 代客切磨 . 教學     Tahir Zainab Gems & Rough of World","當貓咪遇上寶石20260714g41fb","1","Reel","https://www.facebook.com/reel/897171766224437/","1627804834169159_1523536033119673","6","0","0"
"707454","2026-07-13","Instagram","tzgems666","高質感｜粉色寶石系列20260713g11ig","1","Reel","https://www.instagram.com/reel/DauAgRyTG4u/","18170489143426448","0","0","0"
"706788","2026-07-10","Facebook","泰熙爾 札娜寶石學院 - 世界各式彩寶.原礦批發 - 代客切磨 . 教學     Tahir Zainab Gems & Rough of World","高級珠寶&平替寶石20260710f75fb","1","Reel","https://www.facebook.com/reel/2535428756893217/","1627804834169159_1520420533431223","37","0","0"
"706786","2026-07-10","Instagram","tzgems666","高級珠寶&平替寶石20260710f75ig","1","Reel","https://www.instagram.com/reel/DanEZf2S1rq/","18084085763550458","3","0","0"
"706781","2026-07-10","Instagram","tzgems666","藍月光石・白水晶手鏈 貼文","1","照片","https://www.instagram.com/p/DanDBc_FCKX/","18158511139472056","1","0","0"
"706780","2026-07-10","Facebook","泰熙爾 札娜寶石學院 - 世界各式彩寶.原礦批發 - 代客切磨 . 教學     Tahir Zainab Gems & Rough of World","藍月光石・白水晶手鏈 貼文","1","照片","https://www.facebook.com/681888940617724/posts/1520411936765416","1627804834169159_1520411936765416","3","0","0"
"706776","2026-07-10","Instagram","tzgems666","橄欖石・綠瑪瑙手鏈 貼文","1","照片","https://www.instagram.com/p/DanCA0PFJEw/","18007223810929634","0","0","0"
"706775","2026-07-10","Facebook","泰熙爾 札娜寶石學院 - 世界各式彩寶.原礦批發 - 代客切磨 . 教學     Tahir Zainab Gems & Rough of World","橄欖石・綠瑪瑙手鏈 貼文","1","照片","https://www.facebook.com/681888940617724/posts/1520406720099271","1627804834169159_1520406720099271","4","0","0"
"706767","2026-07-10","Facebook","泰熙爾 札娜寶石學院 - 世界各式彩寶.原礦批發 - 代客切磨 . 教學     Tahir Zainab Gems & Rough of World","你是哪一種寶石女主角20260710f74fb","1","Reel","https://www.facebook.com/reel/1208172471421837/","1627804834169159_1520399910099952","27","0","0"
"706766","2026-07-10","Instagram","tzgems666","你是哪一種寶石女主角20260710f74ig","1","Reel","https://www.instagram.com/reel/DanAmDhSVfa/","18343733881216794","3","0","0"
"706760","2026-07-10","Facebook","泰熙爾 札娜寶石學院 - 世界各式彩寶.原礦批發 - 代客切磨 . 教學     Tahir Zainab Gems & Rough of World","愛情的味道｜手鍊｜招桃花首選 加強版 粉色寶石20260713g40fb","1","Reel","https://www.facebook.com/reel/1660390448354871/","1627804834169159_1522750583198218","3","0","0"
"706759","2026-07-10","Facebook","泰熙爾 札娜寶石學院 - 世界各式彩寶.原礦批發 - 代客切磨 . 教學     Tahir Zainab Gems & Rough of World","千萬翡翠套組平替系列 玉隨套組20260713g39fb","1","Reel","https://www.facebook.com/reel/1577455767434542/","1627804834169159_1522716379868305","1","0","0"
"706756","2026-07-10","Facebook","泰熙爾 札娜寶石學院 - 世界各式彩寶.原礦批發 - 代客切磨 . 教學     Tahir Zainab Gems & Rough of World","異象水晶20260713g38fb","1","Reel","https://www.facebook.com/reel/1770082664429048/","1627804834169159_1522679443205332","21","0","0"
"706755","2026-07-10","Facebook","","10~15萬精品級寶石20260710f72fb","0","","","","0","0","0"
"706754","2026-07-10","Instagram","","10~15萬精品級寶石20260710f72ig","0","","","","0","0","0"
"706738","2026-07-10","Facebook","泰熙爾 札娜寶石學院 - 世界各式彩寶.原礦批發 - 代客切磨 . 教學     Tahir Zainab Gems & Rough of World","蔚藍夏日・珠寶系列20260710f73fb","1","Reel","https://www.facebook.com/reel/2592716521182616/","1627804834169159_1520354416771168","99","0","0"
"706736","2026-07-10","Instagram","tzgems666","蔚藍夏日・珠寶系列20260710f73ig","1","Reel","https://www.instagram.com/reel/Dam3xaUSNGn/","17875110159523381","13","0","0"
"706458","2026-07-09","Instagram","tzgems666","太陽之石｜奧勒岡太陽石20260712g10ig","1","Reel","https://www.instagram.com/reel/DarbrcizPwY/","18122271328706519","10","0","0"
"706455","2026-07-09","Facebook","泰熙爾 札娜寶石學院 - 世界各式彩寶.原礦批發 - 代客切磨 . 教學     Tahir Zainab Gems & Rough of World","2026 寶石婚戒排行｜戒指20260712g37fb","1","Reel","https://www.facebook.com/reel/1557138502480662/","1627804834169159_1521862889953654","15","0","0"
"706453","2026-07-09","Facebook","泰熙爾 札娜寶石學院 - 世界各式彩寶.原礦批發 - 代客切磨 . 教學     Tahir Zainab Gems & Rough of World","限時寵粉-歐泊系列20260712g36fb","1","Reel","https://www.facebook.com/reel/2236656537108711/","1627804834169159_1521883133284963","41","0","0"
"706373","2026-07-09","Facebook","泰熙爾 札娜寶石學院 - 世界各式彩寶.原礦批發 - 代客切磨 . 教學     Tahir Zainab Gems & Rough of World","7款熱門寶石平替款20260712g35fb","2","Reel","https://www.facebook.com/reel/1514059893794388/
https://www.facebook.com/reel/1076522751710142/","1627804834169159_1521863056620304
1627804834169159_1521862986620311","27","0","0"
"706369","2026-07-09","Instagram","tzgems666","愛情x事業 能量手串20260711g09ig","1","Reel","https://www.instagram.com/reel/Dao27UFTfdt/","17993351429806369","1","0","0"
"706361","2026-07-09","Instagram","tzgems666","尋找妳的專屬色彩IG","1","照片","https://www.instagram.com/p/DakK70ZEyYy/","18114977404782999","4","0","0"
"706357","2026-07-09","Facebook","泰熙爾 札娜寶石學院 - 世界各式彩寶.原礦批發 - 代客切磨 . 教學     Tahir Zainab Gems & Rough of World","母親節精選套組20260711g34fb","1","Reel","https://www.facebook.com/reel/1719561512507899/","1627804834169159_1521007196705890","0","0","0"
"706351","2026-07-09","Facebook","泰熙爾 札娜寶石學院 - 世界各式彩寶.原礦批發 - 代客切磨 . 教學     Tahir Zainab Gems & Rough of World","十二星座寶石專屬指南20260711g33fb","1","Reel","https://www.facebook.com/reel/1342113454569224/","1627804834169159_1521007020039241","54","0","0"
"706350","2026-07-09","Facebook","泰熙爾 札娜寶石學院 - 世界各式彩寶.原礦批發 - 代客切磨 . 教學     Tahir Zainab Gems & Rough of World","尋找你的專屬色彩","1","照片","https://www.facebook.com/681888940617724/posts/1519450433528233","1627804834169159_1519450433528233","5","1","0"
"706349","2026-07-09","Facebook","泰熙爾 札娜寶石學院 - 世界各式彩寶.原礦批發 - 代客切磨 . 教學     Tahir Zainab Gems & Rough of World","穿著prada的惡魔「蛻變」20260711g32fb","1","Reel","https://www.facebook.com/reel/1590655749749872/","1627804834169159_1521006930039250","46","0","0"
"706247","2026-07-09","Instagram","tzgems666","馬卡龍20260709g08ig","1","Reel","https://www.instagram.com/reel/DajtV00zIpP/","18106162865043413","0","0","0"
"705884","2026-07-08","Instagram","tzgems666","海藍寶・茶晶手鏈 貼文","1","照片","https://www.instagram.com/p/DahtLTnmpyU/","18111352723746501","0","0","0"
"705883","2026-07-08","Facebook","泰熙爾 札娜寶石學院 - 世界各式彩寶.原礦批發 - 代客切磨 . 教學     Tahir Zainab Gems & Rough of World","海藍寶・茶晶手鏈 貼文","1","照片","https://www.facebook.com/681888940617724/posts/1518646553608621","1627804834169159_1518646553608621","11","0","0"
"705874","2026-07-08","Instagram","tzgems666","太陽石・紅瑪瑙手鏈 貼文","1","照片","https://www.instagram.com/p/Dahsg2-GgbS/","18083215424191733","0","0","0"
"705873","2026-07-08","Facebook","泰熙爾 札娜寶石學院 - 世界各式彩寶.原礦批發 - 代客切磨 . 教學     Tahir Zainab Gems & Rough of World","太陽石・紅瑪瑙手鏈 貼文","1","照片","https://www.facebook.com/681888940617724/posts/1518643290275614","1627804834169159_1518643290275614","9","0","0"
"705188","2026-07-06","Instagram","tzgems666","- [x] 黃水晶・黃虎眼手鏈 貼文","1","照片","https://www.instagram.com/p/Daci6QWlEcp/","18123895150673851","0","0","0"
"705187","2026-07-06","Facebook","泰熙爾 札娜寶石學院 - 世界各式彩寶.原礦批發 - 代客切磨 . 教學     Tahir Zainab Gems & Rough of World","- [x] 黃水晶・黃虎眼手鏈 貼文","1","照片","https://www.facebook.com/681888940617724/posts/1516778273795449","1627804834169159_1516778273795449","2","0","0"
"705176","2026-07-06","Instagram","tzgems666","黑金超七骨幹貔貅 貼文","1","照片","https://www.instagram.com/p/Dach6m1lDky/","18104048720033387","0","0","0"
"705175","2026-07-06","Facebook","泰熙爾 札娜寶石學院 - 世界各式彩寶.原礦批發 - 代客切磨 . 教學     Tahir Zainab Gems & Rough of World","黑金超七骨幹貔貅 貼文","1","照片","https://www.facebook.com/681888940617724/posts/1516767947129815","1627804834169159_1516767947129815","41","0","0"
"704575","2026-07-03","Instagram","tzgems666","世界級珍稀彩寶 貼文","1","照片","https://www.instagram.com/p/DaU6Qw7FAX4/","18122816851663044","0","0","0"
"704574","2026-07-03","Facebook","泰熙爾 札娜寶石學院 - 世界各式彩寶.原礦批發 - 代客切磨 . 教學     Tahir Zainab Gems & Rough of World","世界級珍稀彩寶 貼文","1","照片","https://www.facebook.com/681888940617724/posts/1514026807403929","1627804834169159_1514026807403929","0","0","0"
"704568","2026-07-03","Instagram","tzgems666","頂級 GIA 彩鑽珍藏 貼文","1","照片","https://www.instagram.com/p/DaU5aMoFCkQ/","18124702297662481","0","0","0"
"704567","2026-07-03","Facebook","泰熙爾 札娜寶石學院 - 世界各式彩寶.原礦批發 - 代客切磨 . 教學     Tahir Zainab Gems & Rough of World","頂級 GIA 彩鑽珍藏 貼文","1","照片","https://www.facebook.com/681888940617724/posts/1514021587404451","1627804834169159_1514021587404451","1","0","0"
"704352","2026-07-03","Facebook","泰熙爾 札娜寶石學院 - 世界各式彩寶.原礦批發 - 代客切磨 . 教學     Tahir Zainab Gems & Rough of World","彩寶網球手鍊20260703f71fb","1","Reel","https://www.facebook.com/reel/1237151535084463/","1627804834169159_1514012354072041","184","0","0"
"704351","2026-07-03","Instagram","tzgems666","彩寶網球手鏈20260703f71ig","1","Reel","https://www.instagram.com/reel/DaU4hbuywHC/","18108143530812708","20","0","0"
"704340","2026-07-03","Facebook","泰熙爾 札娜寶石學院 - 世界各式彩寶.原礦批發 - 代客切磨 . 教學     Tahir Zainab Gems & Rough of World","紅寶石｜寶石之王20260703f70fb","1","Reel","https://www.facebook.com/reel/2447004045795906/","1627804834169159_1514087877397822","59","0","0"
"704339","2026-07-03","Instagram","tzgems666","紅寶石｜寶石之王20260703f70ig","1","Reel","https://www.instagram.com/reel/DaVDy_ny0T5/","17898118581493088","6","0","0"
"704338","2026-07-03","Facebook","泰熙爾 札娜寶石學院 - 世界各式彩寶.原礦批發 - 代客切磨 . 教學     Tahir Zainab Gems & Rough of World","睡美人天然綠松石20260703f69fb","1","Reel","https://www.facebook.com/reel/890039703531418/","1627804834169159_1513994654073811","114","0","0"
"704336","2026-07-03","Instagram","tzgems666","睡美人天然綠松石20260703f69ig","1","Reel","https://www.instagram.com/reel/DaU2I4HSGs6/","18104633894119516","10","0","0"
"703658","2026-07-01","Instagram","tzgems666","7月誕生石｜紅寶石 貼文","1","照片","https://www.instagram.com/p/DaPw3tYmkI2/","18135677338526074","4","0","0"
"703657","2026-07-01","Facebook","泰熙爾 札娜寶石學院 - 世界各式彩寶.原礦批發 - 代客切磨 . 教學     Tahir Zainab Gems & Rough of World","7月誕生石｜紅寶石 貼文","1","照片","https://www.facebook.com/681888940617724/posts/1512210304252246","1627804834169159_1512210304252246","26","0","0"
"703655","2026-07-01","Instagram","tzgems666","海膽水晶 軟木礦小樹林 達畢茲超七 貼文","1","Reel","https://www.instagram.com/reel/DaPvTLjj581/","17894356281551985","0","0","0"
"703654","2026-07-01","Facebook","泰熙爾 札娜寶石學院 - 世界各式彩寶.原礦批發 - 代客切磨 . 教學     Tahir Zainab Gems & Rough of World","海膽水晶 軟木礦小樹林 達畢茲超七 貼文","1","Reel","https://www.facebook.com/reel/974071828784612/","1627804834169159_1512197247586885","0","0","0"
"703570","2026-07-01","Facebook","泰熙爾 札娜寶石學院 - 世界各式彩寶.原礦批發 - 代客切磨 . 教學     Tahir Zainab Gems & Rough of World","舒俱萊｜吊墜20260706g21fb","1","Reel","https://www.facebook.com/reel/4689921211240596/","1627804834169159_1516586267147983","12","0","0"
"703187","2026-06-30","Facebook","泰熙爾 札娜寶石學院 - 世界各式彩寶.原礦批發 - 代客切磨 . 教學     Tahir Zainab Gems & Rough of World","三顆一起收藏 💎 寶石套組限量放漏20260709g31fb","1","Reel","https://www.facebook.com/reel/4024395091195670/","1627804834169159_1519352873537989","12","0","0"
"703180","2026-06-30","Facebook","泰熙爾 札娜寶石學院 - 世界各式彩寶.原礦批發 - 代客切磨 . 教學     Tahir Zainab Gems & Rough of World","母親節套組｜鴿血紅｜平替首選20260709g30fb","1","Reel","https://www.facebook.com/reel/1435794725121770/","1627804834169159_1519318093541467","3","0","0"
"703178","2026-06-30","Facebook","泰熙爾 札娜寶石學院 - 世界各式彩寶.原礦批發 - 代客切磨 . 教學     Tahir Zainab Gems & Rough of World","天然變彩白歐泊20260709g29fb","1","Reel","https://www.facebook.com/reel/2091897814732481/","1627804834169159_1519283770211566","0","0","0"
"703172","2026-06-30","Facebook","泰熙爾 札娜寶石學院 - 世界各式彩寶.原礦批發 - 代客切磨 . 教學     Tahir Zainab Gems & Rough of World","520對戒20260708g28fb","1","Reel","https://www.facebook.com/reel/1020282087389054/","1627804834169159_1518491666957443","0","0","0"
"703158","2026-06-30","Facebook","泰熙爾 札娜寶石學院 - 世界各式彩寶.原礦批發 - 代客切磨 . 教學     Tahir Zainab Gems & Rough of World","月影秘語｜灰月光拉長石牌子20260708g27fb","1","Reel","https://www.facebook.com/reel/1532692391988131/","1627804834169159_1518453586961251","39","0","0"
"703156","2026-06-30","Facebook","泰熙爾 札娜寶石學院 - 世界各式彩寶.原礦批發 - 代客切磨 . 教學     Tahir Zainab Gems & Rough of World","靈域之光｜閃靈油膽手鏈20260708g26fb","1","Reel","https://www.facebook.com/reel/1335470148772308/","1627804834169159_1518415540298389","237","0","0"
"703151","2026-06-30","Facebook","泰熙爾 札娜寶石學院 - 世界各式彩寶.原礦批發 - 代客切磨 . 教學     Tahir Zainab Gems & Rough of World","百萬玻璃種翡翠平替｜水沫子平安扣20260707g25fb","1","Reel","https://www.facebook.com/reel/1601972497939651/","1627804834169159_1517551167051493","6","0","0"
"703142","2026-06-30","Facebook","泰熙爾 札娜寶石學院 - 世界各式彩寶.原礦批發 - 代客切磨 . 教學     Tahir Zainab Gems & Rough of World","MBTI能量寶石20260707g24fb","1","Reel","https://www.facebook.com/reel/1419752400069662/","1627804834169159_1517512993721977","1","0","0"
"703135","2026-06-30","Facebook","泰熙爾 札娜寶石學院 - 世界各式彩寶.原礦批發 - 代客切磨 . 教學     Tahir Zainab Gems & Rough of World","阿斯切｜薰衣草水晶裸石20260707g23fb","1","Reel","https://www.facebook.com/reel/2067414690475714/","1627804834169159_1517476157058994","81","0","0"
"703133","2026-06-30","Facebook","泰熙爾 札娜寶石學院 - 世界各式彩寶.原礦批發 - 代客切磨 . 教學     Tahir Zainab Gems & Rough of World","療癒藍色系寶石20260706g22fb","1","Reel","https://www.facebook.com/reel/4627983474157590/","1627804834169159_1516586413814635","68","0","0"
"703128","2026-06-30","Facebook","泰熙爾 札娜寶石學院 - 世界各式彩寶.原礦批發 - 代客切磨 . 教學     Tahir Zainab Gems & Rough of World","天然鑽石/培育鑽/莫桑鑽｜耳釘20260706g20fb","1","Reel","https://www.facebook.com/reel/4513112955642789/","1627804834169159_1516546250485318","11","0","0"
"703126","2026-06-30","Facebook","泰熙爾 札娜寶石學院 - 世界各式彩寶.原礦批發 - 代客切磨 . 教學     Tahir Zainab Gems & Rough of World","金馬伍吉20260705g19fb","1","Reel","https://www.facebook.com/reel/1538905040949167/","1627804834169159_1515657490574194","6","0","0"
"703118","2026-06-30","Facebook","泰熙爾 札娜寶石學院 - 世界各式彩寶.原礦批發 - 代客切磨 . 教學     Tahir Zainab Gems & Rough of World","✨旺財貔貅｜發財小神獸20260705g18fb","2","Reel","https://www.facebook.com/reel/1513493239814119/
https://www.facebook.com/reel/2797913773897449/","1627804834169159_1515657703907506
1627804834169159_1515657700574173","49","0","0"
"703114","2026-06-30","Facebook","泰熙爾 札娜寶石學院 - 世界各式彩寶.原礦批發 - 代客切磨 . 教學     Tahir Zainab Gems & Rough of World","🌹魅力燃燒｜紅色寶石20260705g17fb","1","Reel","https://www.facebook.com/reel/1709927380029612/","1627804834169159_1515657410574202","7","0","0"
"702786","2026-06-29","Instagram","tzgems666","紫龍晶 貼文","1","照片","https://www.instagram.com/p/DaKS7CIGpaG/","17878409985613561","0","0","0"
"702785","2026-06-29","Facebook","泰熙爾 札娜寶石學院 - 世界各式彩寶.原礦批發 - 代客切磨 . 教學     Tahir Zainab Gems & Rough of World","紫龍晶 貼文","1","照片","https://www.facebook.com/681888940617724/posts/1510207721119171","1627804834169159_1510207721119171","2","0","0"
"702782","2026-06-29","Instagram","tzgems666","鴿子蛋｜天然薰衣草水晶裸石 貼文","1","照片","https://www.instagram.com/p/DaKR9qgmgYQ/","18125620354629327","2","0","0"
"702781","2026-06-29","Facebook","泰熙爾 札娜寶石學院 - 世界各式彩寶.原礦批發 - 代客切磨 . 教學     Tahir Zainab Gems & Rough of World","鴿子蛋｜天然薰衣草水晶裸石 貼文","1","照片","https://www.facebook.com/681888940617724/posts/1510202334453043","1627804834169159_1510202334453043","25","0","0"
"702777","2026-06-29","Instagram","tzgems666","晨曦微光｜耳環 貼文","1","照片","https://www.instagram.com/p/DaKPUoImr0y/","18088332674121156","0","0","0"
"702776","2026-06-29","Facebook","泰熙爾 札娜寶石學院 - 世界各式彩寶.原礦批發 - 代客切磨 . 教學     Tahir Zainab Gems & Rough of World","晨曦微光｜耳環 貼文","1","照片","https://www.facebook.com/681888940617724/posts/1510189404454336","1627804834169159_1510189404454336","0","0","0"
"702157","2026-06-26","Instagram","tzgems666","克什米爾藍寶石 貼文","1","照片","https://www.instagram.com/p/DaC1K47mlb3/","18124531363661400","1","0","0"
"702156","2026-06-26","Facebook","泰熙爾 札娜寶石學院 - 世界各式彩寶.原礦批發 - 代客切磨 . 教學     Tahir Zainab Gems & Rough of World","克什米爾藍寶石 貼文","1","照片","https://www.facebook.com/681888940617724/posts/1507625664710710","1627804834169159_1507625664710710","57","0","0"
"702118","2026-06-26","Facebook","泰熙爾 札娜寶石學院 - 世界各式彩寶.原礦批發 - 代客切磨 . 教學     Tahir Zainab Gems & Rough of World","天然海藍寶裸石20260626f68fb","1","Reel","https://www.facebook.com/reel/2009912553744357/","1627804834169159_1507612381378705","99","0","0"
"702115","2026-06-26","Instagram","tzgems666","天然海藍寶裸石20260626f68ig","1","Reel","https://www.instagram.com/reel/DaCye_HScGP/","18071193776352492","47","0","0"
"702104","2026-06-26","Facebook","泰熙爾 札娜寶石學院 - 世界各式彩寶.原礦批發 - 代客切磨 . 教學     Tahir Zainab Gems & Rough of World","925銀／18K金｜誕生石寶寶吊墜20260626f67fb","1","Reel","https://www.facebook.com/reel/2247489476019556/","1627804834169159_1507604418046168","111","0","0"
"702102","2026-06-26","Instagram","tzgems666","925銀／18K金｜誕生石寶寶吊墜20260626f67ig","1","Reel","https://www.instagram.com/reel/DaCxGvqSZX-/","18103980275113266","9","0","0"
"702089","2026-06-26","Facebook","泰熙爾 札娜寶石學院 - 世界各式彩寶.原礦批發 - 代客切磨 . 教學     Tahir Zainab Gems & Rough of World","升值黑馬｜碧璽(碧璽)20260626f66fb","1","Reel","https://www.facebook.com/reel/1022428703517118/","1627804834169159_1507598464713430","186","0","0"
"702086","2026-06-26","Instagram","tzgems666","升值黑馬｜碧璽(碧璽)20260626f66ig","1","Reel","https://www.instagram.com/reel/DaCvoFBScYs/","17870275620624748","28","0","0"
"701885","2026-06-25","Facebook","泰熙爾 札娜寶石學院 - 世界各式彩寶.原礦批發 - 代客切磨 . 教學     Tahir Zainab Gems & Rough of World","伊莎·安巴妮致敬款｜豪華珠寶套組20260704g16fb","1","Reel","https://www.facebook.com/reel/1551902623384998/","1627804834169159_1514734233999853","5","0","0"
"701880","2026-06-25","Facebook","泰熙爾 札娜寶石學院 - 世界各式彩寶.原礦批發 - 代客切磨 . 教學     Tahir Zainab Gems & Rough of World","彩寶耳環｜特賣會20260704g15fb","1","Reel","https://www.facebook.com/reel/27412119071786821/","1627804834169159_1514733867333223","132","0","0"
"701873","2026-06-25","Facebook","泰熙爾 札娜寶石學院 - 世界各式彩寶.原礦批發 - 代客切磨 . 教學     Tahir Zainab Gems & Rough of World","消磁聚寶盆| 瑪瑙晶洞20260704g14fb","1","Reel","https://www.facebook.com/reel/2208820826541861/","1627804834169159_1514734523999824","126","0","0"
"701865","2026-06-25","Facebook","泰熙爾 札娜寶石學院 - 世界各式彩寶.原礦批發 - 代客切磨 . 教學     Tahir Zainab Gems & Rough of World","《柏捷頓》珍珠系列20260702g13fb","1","Reel","https://www.facebook.com/reel/992888530312476/","1627804834169159_1512912394182037","36","0","0"
"701837","2026-06-25","Facebook","泰熙爾 札娜寶石學院 - 世界各式彩寶.原礦批發 - 代客切磨 . 教學     Tahir Zainab Gems & Rough of World","夢幻組合｜紫水晶吊墜｜藍月光耳針20260702g12fb","1","Reel","https://www.facebook.com/reel/1370900131806485/","1627804834169159_1512876410852302","13","0","0"
"701830","2026-06-25","Facebook","泰熙爾 札娜寶石學院 - 世界各式彩寶.原礦批發 - 代客切磨 . 教學     Tahir Zainab Gems & Rough of World","高質感｜粉色寶石系列20260702g11fb","1","Reel","https://www.facebook.com/reel/1676646893611083/","1627804834169159_1512840270855916","23","0","0"
"701828","2026-06-25","Facebook","泰熙爾 札娜寶石學院 - 世界各式彩寶.原礦批發 - 代客切磨 . 教學     Tahir Zainab Gems & Rough of World","太陽之石｜奧勒岡太陽石20260701g10fb","1","Reel","https://www.facebook.com/reel/2501265367002788/","1627804834169159_1512010214272255","50","0","0"
"701824","2026-06-25","Instagram","tzgems666","2026/06/25招商貼文","1","照片","https://www.instagram.com/p/DaASfXuGl9b/","17895212898476934","4","0","0"
"701823","2026-06-25","Facebook","泰熙爾 札娜寶石學院 - 世界各式彩寶.原礦批發 - 代客切磨 . 教學     Tahir Zainab Gems & Rough of World","2026/06/25招商貼文","1","照片","https://www.facebook.com/681888940617724/posts/1506727991467144","1627804834169159_1506727991467144","13","0","0"
"701822","2026-06-25","Facebook","泰熙爾 札娜寶石學院 - 世界各式彩寶.原礦批發 - 代客切磨 . 教學     Tahir Zainab Gems & Rough of World","愛情x事業 能量手串20260701g09fb","1","Reel","https://www.facebook.com/reel/1035647652307561/","1627804834169159_1511973077609302","18","0","0"
"701816","2026-06-25","Facebook","泰熙爾 札娜寶石學院 - 世界各式彩寶.原礦批發 - 代客切磨 . 教學     Tahir Zainab Gems & Rough of World","春分馬卡龍20260701g08fb","1","Reel","https://www.facebook.com/reel/1250994943666031/","1627804834169159_1511933704279906","9","0","0"
"699891","2026-06-18","Facebook","泰熙爾 札娜寶石學院 - 世界各式彩寶.原礦批發 - 代客切磨 . 教學     Tahir Zainab Gems & Rough of World","五行能量手鏈20260618f65fb","1","Reel","https://www.facebook.com/reel/1288121846643645/","1627804834169159_1500465635426713","304","0","0"
"699890","2026-06-18","Instagram","tzgems666","五行能量手鏈20260618f65ig","1","Reel","https://www.instagram.com/reel/DZudHnQyG33/","18023646302670238","53","0","0"
"699889","2026-06-18","Instagram","tzgems666","瑞士藍拓帕石寵粉200 貼文","1","照片","https://www.instagram.com/p/DZuSU_HGlT4/","17926865487125490","1","0","0"
"699888","2026-06-18","Facebook","泰熙爾 札娜寶石學院 - 世界各式彩寶.原礦批發 - 代客切磨 . 教學     Tahir Zainab Gems & Rough of World","瑞士藍拓帕石寵粉200 貼文","1","分享貼文","https://www.facebook.com/681888940617724/posts/1500397905433486","1627804834169159_1500397905433486","56","0","0"
"699886","2026-06-18","Facebook","泰熙爾 札娜寶石學院 - 世界各式彩寶.原礦批發 - 代客切磨 . 教學     Tahir Zainab Gems & Rough of World","切面黃鐵礦手鍊20260618f64fb","1","Reel","https://www.facebook.com/reel/1930689760963222/","1627804834169159_1500445615428715","32","0","0"
"699882","2026-06-18","Instagram","tzgems666","切面黃鐵礦手鍊20260618f64ig","1","Reel","https://www.instagram.com/reel/DZuakRMy8Gx/","18092494793077201","4","0","0"
"699796","2026-06-18","Instagram","tzgems666","三角形裸石 貼文","1","照片","https://www.instagram.com/p/DZt_wI9GhoQ/","18002318375762839","0","0","0"
"699795","2026-06-18","Facebook","泰熙爾 札娜寶石學院 - 世界各式彩寶.原礦批發 - 代客切磨 . 教學     Tahir Zainab Gems & Rough of World","三角形裸石 貼文","1","照片","https://www.facebook.com/681888940617724/posts/1500297832110160","1627804834169159_1500297832110160","0","0","0"
"699787","2026-06-18","Instagram","tzgems666","極光紫韻｜珍珠項鍊 貼文","1","照片","https://www.instagram.com/p/DZt-dAZGnwn/","18019229783687515","0","0","0"
"699786","2026-06-18","Facebook","泰熙爾 札娜寶石學院 - 世界各式彩寶.原礦批發 - 代客切磨 . 教學     Tahir Zainab Gems & Rough of World","極光紫韻｜珍珠項鍊 貼文","1","照片","https://www.facebook.com/681888940617724/posts/1500291808777429","1627804834169159_1500291808777429","1","0","0"
"699754","2026-06-18","Facebook","泰熙爾 札娜寶石學院 - 世界各式彩寶.原礦批發 - 代客切磨 . 教學     Tahir Zainab Gems & Rough of World","大克拉｜瑞士藍拓帕石20260618f63fb","1","Reel","https://www.facebook.com/reel/1424716432809998/","1627804834169159_1500400858766524","107","0","0"
"699752","2026-06-18","Instagram","tzgems666","大克拉｜瑞士藍拓帕石20260618f63ig","1","Reel","https://www.instagram.com/reel/DZuTw0oy3OM/","18106852027787011","15","0","0"
"699297","2026-06-17","Facebook","泰熙爾 札娜寶石學院 - 世界各式彩寶.原礦批發 - 代客切磨 . 教學     Tahir Zainab Gems & Rough of World","限時寵粉-玉髓20260630g07fb","1","Reel","https://www.facebook.com/reel/1319194217033125/","1627804834169159_1511062411033702","13","0","0"
"699295","2026-06-17","Instagram","tzgems666","限時寵粉-玉髓20260630g07ig","1","Reel","https://www.instagram.com/reel/DahIiCPTmdG/","18140829331549547","1","0","0"
"699293","2026-06-17","Facebook","泰熙爾 札娜寶石學院 - 世界各式彩寶.原礦批發 - 代客切磨 . 教學     Tahir Zainab Gems & Rough of World","限時活動-能量淨化系列20260630g06fb","1","Reel","https://www.facebook.com/reel/1009144525171674/","1627804834169159_1511025561037387","3","0","0"
"699292","2026-06-17","Instagram","tzgems666","切面黃鐵礦手鍊 貼文","1","照片","https://www.instagram.com/p/DZrTew5mhc6/","18105176603043326","0","0","0"
"699291","2026-06-17","Facebook","泰熙爾 札娜寶石學院 - 世界各式彩寶.原礦批發 - 代客切磨 . 教學     Tahir Zainab Gems & Rough of World","切面黃鐵礦手鍊 貼文","1","照片","https://www.facebook.com/681888940617724/posts/1499358402204103","1627804834169159_1499358402204103","48","0","0"
"699289","2026-06-17","Instagram","","限時活動-能量淨化系列20260630g06ig","0","","","","0","0","0"
"699285","2026-06-17","Instagram","tzgems666","蜜蜂系列｜未來珍珠耳釘 貼文","2","照片","https://www.instagram.com/p/DZrSgG7mmKl/
https://www.instagram.com/p/DaC4fMBmm4A/","18055918463749585
18106698991960745","3","0","0"
"699284","2026-06-17","Facebook","泰熙爾 札娜寶石學院 - 世界各式彩寶.原礦批發 - 代客切磨 . 教學     Tahir Zainab Gems & Rough of World","蜜蜂系列｜未來珍珠耳釘 貼文","2","照片","https://www.facebook.com/681888940617724/posts/1499353742204569
https://www.facebook.com/681888940617724/posts/1507643858042224","1627804834169159_1499353742204569
1627804834169159_1507643858042224","37","0","0"
"699283","2026-06-17","Instagram","tzgems666","天然鑽石 項鍊、耳釘｜限量寵粉優惠款 貼文","2","照片","https://www.instagram.com/p/DZrRPlMmjVH/
https://www.instagram.com/p/DaC3SpjGgH4/","18080972762653514
17932392765302682","3","0","0"
"699282","2026-06-17","Facebook","泰熙爾 札娜寶石學院 - 世界各式彩寶.原礦批發 - 代客切磨 . 教學     Tahir Zainab Gems & Rough of World","天然鑽石 項鍊、耳釘｜限量寵粉優惠款 貼文","2","照片","https://www.facebook.com/681888940617724/posts/1499347472205196
https://www.facebook.com/681888940617724/posts/1507637501376193","1627804834169159_1499347472205196
1627804834169159_1507637501376193","4","0","0"
"699279","2026-06-17","Facebook","泰熙爾 札娜寶石學院 - 世界各式彩寶.原礦批發 - 代客切磨 . 教學     Tahir Zainab Gems & Rough of World","限時寵粉-招財黃水晶20260630g05fb","1","Reel","https://www.facebook.com/reel/3536392376523107/","1627804834169159_1510982261041717","172","0","0"
"699278","2026-06-17","Instagram","tzgems666","限時寵粉-招財黃水晶20260630g05ig","1","Reel","https://www.instagram.com/reel/DaRrxHKTMq1/","17934820260335481","34","0","0"
"699276","2026-06-17","Facebook","泰熙爾 札娜寶石學院 - 世界各式彩寶.原礦批發 - 代客切磨 . 教學     Tahir Zainab Gems & Rough of World","極光紫韻｜珍珠項鍊20260629g04fb","1","Reel","https://www.facebook.com/reel/1698728924605586/","1627804834169159_1510133501126593","14","0","0"
"699274","2026-06-17","Instagram","tzgems666","極光紫韻｜珍珠項鍊20260629g04ig","1","Reel","https://www.instagram.com/reel/Daejy6pzizf/","17896015521356329","5","0","0"
"699271","2026-06-17","Facebook","泰熙爾 札娜寶石學院 - 世界各式彩寶.原礦批發 - 代客切磨 . 教學     Tahir Zainab Gems & Rough of World","剔透純淨｜天空藍拓帕石20260629g03fb","1","Reel","https://www.facebook.com/reel/1045672924799983/","1627804834169159_1510098581130085","123","0","0"
"699270","2026-06-17","Instagram","","剔透純淨｜天空藍拓帕石20260629g03ig","0","","","","0","0","0"
"699267","2026-06-17","Facebook","泰熙爾 札娜寶石學院 - 世界各式彩寶.原礦批發 - 代客切磨 . 教學     Tahir Zainab Gems & Rough of World","爆款彩色｜尖晶石20260629g02fb","1","Reel","https://www.facebook.com/reel/2023808951562233/","1627804834169159_1510060671133876","26","0","0"
"699265","2026-06-17","Instagram","tzgems666","爆款彩色｜尖晶石20260629g02ig","2","Reel","https://www.instagram.com/reel/DaHYjdHTU9T/
https://www.instagram.com/reel/Dab-_zezaVI/","18126134959640453
18106989700994466","0","0","0"
"699244","2026-06-17","Facebook","泰熙爾 札娜寶石學院 - 世界各式彩寶.原礦批發 - 代客切磨 . 教學     Tahir Zainab Gems & Rough of World","璀璨永恆｜祖母綠戒指20260628g01fb","1","Reel","https://www.facebook.com/reel/2357599091436080/","1627804834169159_1509208517885758","99","0","0"
"699242","2026-06-17","Instagram","tzgems666","璀璨永恆｜祖母綠戒指20260628g01ig","1","Reel","https://www.instagram.com/reel/DaPHBpWTo5z/","18117006055874010","15","0","0"
"699237","2026-06-17","Facebook","泰熙爾 札娜寶石學院 - 世界各式彩寶.原礦批發 - 代客切磨 . 教學     Tahir Zainab Gems & Rough of World","招財之石｜金運石吊墜20260628g99fb","1","Reel","https://www.facebook.com/reel/1955045165195354/","1627804834169159_1509208574552419","65","0","0"
"699236","2026-06-17","Instagram","tzgems666","招財之石｜金運石吊墜20260628g99ig","1","Reel","https://www.instagram.com/reel/DaMiJ8pT9Ht/","18099654784920279","11","0","0"
"699234","2026-06-17","Facebook","泰熙爾 札娜寶石學院 - 世界各式彩寶.原礦批發 - 代客切磨 . 教學     Tahir Zainab Gems & Rough of World","招財｜黃藍寶｜耳釘20260628g98fb","1","Reel","https://www.facebook.com/reel/1060106586578814/","1627804834169159_1509208804552396","65","0","0"
"699233","2026-06-17","Instagram","tzgems666","招財｜黃藍寶｜耳釘20260628g98ig","1","Reel","https://www.instagram.com/reel/DaJ9b5fTYL7/","17959366802964681","9","0","0"
"699232","2026-06-17","Facebook","泰熙爾 札娜寶石學院 - 世界各式彩寶.原礦批發 - 代客切磨 . 教學     Tahir Zainab Gems & Rough of World","馬上有錢｜祖母綠吊墜20260627g97fb","1","Reel","https://www.facebook.com/reel/3863472737122606/","1627804834169159_1508317284641548","0","0","0"
"699230","2026-06-17","Instagram","tzgems666","馬上有錢｜祖母綠吊墜20260627g97ig","1","Reel","https://www.instagram.com/reel/DaW1UDHTIQ2/","17888365965589551","1","0","0"
"699228","2026-06-17","Facebook","泰熙爾 札娜寶石學院 - 世界各式彩寶.原礦批發 - 代客切磨 . 教學     Tahir Zainab Gems & Rough of World","五種綠色寶石(沙佛萊、祖母綠、綠鑽、綠藍寶、綠碧璽)20260627g96fb","1","Reel","https://www.facebook.com/reel/995919423197559/","1627804834169159_1508317244641552","45","0","0"
"699227","2026-06-17","Instagram","tzgems666","五種綠色寶石(沙佛萊、祖母綠、綠鑽、綠藍寶、綠碧璽)20260627g96ig","2","Reel","https://www.instagram.com/reel/DaZaHJpTf4z/
https://www.instagram.com/reel/DaZaKg1z5Dq/","18107426926883993
18108896812785194","8","0","0"
"699224","2026-06-17","Facebook","泰熙爾 札娜寶石學院 - 世界各式彩寶.原礦批發 - 代客切磨 . 教學     Tahir Zainab Gems & Rough of World","幸運守護｜四葉草手鍊20260627g95fb","1","Reel","https://www.facebook.com/reel/1553199459591671/","1627804834169159_1508317117974898","88","0","0"
"699219","2026-06-17","Instagram","","幸運守護｜四葉草手鍊20260627g95ig","0","","","","0","0","0"
"698575","2026-06-15","Facebook","泰熙爾 札娜寶石學院 - 世界各式彩寶.原礦批發 - 代客切磨 . 教學     Tahir Zainab Gems & Rough of World","紅碧璽 × Lagoon 碧璽20260625g94fb","1","Reel","https://www.facebook.com/reel/1457727169405937/","1627804834169159_1506546691485274","5","0","0"
"698572","2026-06-15","Instagram","","紅碧璽 × Lagoon 碧璽20260625g94ig","0","","","","0","0","0"
"698567","2026-06-15","Facebook","泰熙爾 札娜寶石學院 - 世界各式彩寶.原礦批發 - 代客切磨 . 教學     Tahir Zainab Gems & Rough of World","晶體通透｜閃靈流沙水膽原礦20260625g93fb","1","Reel","https://www.facebook.com/reel/3368986833309341/","1627804834169159_1506511428155467","18","0","0"
"698565","2026-06-15","Instagram","","晶體通透｜閃靈流沙水膽原礦20260625g93ig","0","","","","0","0","0"
"698558","2026-06-15","Facebook","泰熙爾 札娜寶石學院 - 世界各式彩寶.原礦批發 - 代客切磨 . 教學     Tahir Zainab Gems & Rough of World","風信子石|裸石20260625g92fb","1","Reel","https://www.facebook.com/reel/1988242085156201/","1627804834169159_1506470494826227","145","0","0"
"698557","2026-06-15","Instagram","tzgems666","風信子石|裸石20260625g92ig","1","Reel","https://www.instagram.com/reel/DaEz0QXzUjs/","18047676800795742","16","0","0"
"698550","2026-06-15","Facebook","泰熙爾 札娜寶石學院 - 世界各式彩寶.原礦批發 - 代客切磨 . 教學     Tahir Zainab Gems & Rough of World","祖母綠平替｜透輝石｜吊墜20260624g91fb","1","Reel","https://www.facebook.com/reel/1944623546219116/","1627804834169159_1505608698245740","36","0","0"
"698547","2026-06-15","Instagram","tzgems666","祖母綠平替｜透輝石｜吊墜20260624g91ig","1","Reel","https://www.instagram.com/reel/DZ_qPTCzyww/","18202597426359939","9","0","0"
"698542","2026-06-15","Facebook","泰熙爾 札娜寶石學院 - 世界各式彩寶.原礦批發 - 代客切磨 . 教學     Tahir Zainab Gems & Rough of World","能量之王｜紫龍晶裸石20260624g90fb","1","Reel","https://www.facebook.com/reel/1414561360603818/","1627804834169159_1505573978249212","13","0","0"
"698541","2026-06-15","Instagram","","能量之王｜紫龍晶裸石20260624g90ig","0","","","","0","0","0"
"698537","2026-06-15","Facebook","泰熙爾 札娜寶石學院 - 世界各式彩寶.原礦批發 - 代客切磨 . 教學     Tahir Zainab Gems & Rough of World","天然海紋石｜吊墜20260624g89fb","1","Reel","https://www.facebook.com/reel/1019373677509563/","1627804834169159_1505528944920382","13","0","0"
"698534","2026-06-15","Instagram","","天然海紋石｜吊墜20260624g89ig","0","","","","0","0","0"
"698531","2026-06-15","Facebook","泰熙爾 札娜寶石學院 - 世界各式彩寶.原礦批發 - 代客切磨 . 教學     Tahir Zainab Gems & Rough of World","30分黃鑽耳環&花若盛開蝴蝶墜飾(預購)20260623g88fb","1","Reel","https://www.facebook.com/reel/1002707842375640/","1627804834169159_1504680618338548","65","0","0"
"698529","2026-06-15","Instagram","tzgems666","30分黃鑽耳環&花若盛開蝴蝶墜飾(預購)20260623g88ig","1","Reel","https://www.instagram.com/reel/DZ9FbCCzhcv/","18066234008446102","6","0","0"
"698525","2026-06-15","Facebook","泰熙爾 札娜寶石學院 - 世界各式彩寶.原礦批發 - 代客切磨 . 教學     Tahir Zainab Gems & Rough of World","限量盲盒 · 蓮花色雙寶🌸20260623g87fb","1","Reel","https://www.facebook.com/reel/2260826367789759/","1627804834169159_1504646761675267","18","18","0"
"698524","2026-06-15","Instagram","tzgems666","限量盲盒 · 蓮花色雙寶🌸20260623g87ig","1","Reel","https://www.instagram.com/reel/DZ6gkt-TBVg/","17903188062449601","5","4","0"
"698514","2026-06-15","Facebook","泰熙爾 札娜寶石學院 - 世界各式彩寶.原礦批發 - 代客切磨 . 教學     Tahir Zainab Gems & Rough of World","財富能量| 黃鐵礦20260623g86fb","1","Reel","https://www.facebook.com/reel/2048725602389739/","1627804834169159_1504610578345552","10","0","0"
"698513","2026-06-15","Instagram","","財富能量| 黃鐵礦20260623g86ig","0","","","","0","0","0"
"698511","2026-06-15","Facebook","泰熙爾 札娜寶石學院 - 世界各式彩寶.原礦批發 - 代客切磨 . 教學     Tahir Zainab Gems & Rough of World","天然寶石｜祖母綠系列20260622g85fb","1","Reel","https://www.facebook.com/reel/2770713376632677/","1627804834169159_1503786161761327","43","0","0"
"698510","2026-06-15","Instagram","tzgems666","天然寶石｜祖母綠系列20260622g85ig","1","Reel","https://www.instagram.com/reel/DZ4CozmTKxI/","18108262361291690","7","0","0"
"698490","2026-06-15","Facebook","泰熙爾 札娜寶石學院 - 世界各式彩寶.原礦批發 - 代客切磨 . 教學     Tahir Zainab Gems & Rough of World","塔級｜粉尖晶20260622g84fb","1","Reel","https://www.facebook.com/reel/27347899508201611/","1627804834169159_1503751015098175","34","0","0"
"698489","2026-06-15","Instagram","tzgems666","塔級｜粉尖晶20260622g84ig","1","Reel","https://www.instagram.com/reel/DZ370JjTUG7/","18066528449514973","15","0","0"
"698483","2026-06-15","Facebook","泰熙爾 札娜寶石學院 - 世界各式彩寶.原礦批發 - 代客切磨 . 教學     Tahir Zainab Gems & Rough of World","貴族之石｜粉紅碧璽20260622g83fb","1","Reel","https://www.facebook.com/reel/4532926740259856/","1627804834169159_1503713358435274","20","0","0"
"698479","2026-06-15","Instagram","tzgems666","貴族之石｜粉紅碧璽20260622g83ig","1","Reel","https://www.instagram.com/reel/DZ308RFz6aJ/","18112719373919548","6","0","0"
"698477","2026-06-15","Facebook","泰熙爾 札娜寶石學院 - 世界各式彩寶.原礦批發 - 代客切磨 . 教學     Tahir Zainab Gems & Rough of World","星輝骨幹｜貔貅｜職場開掛20260621g82fb","1","Reel","https://www.facebook.com/reel/1009980858098992/","1627804834169159_1502851388521471","70","0","0"
"698475","2026-06-15","Instagram","tzgems666","星輝骨幹｜貔貅｜職場開掛20260621g82ig","1","Reel","https://www.instagram.com/reel/DZ1XFBZTPWF/","18181009723392274","0","0","0"
"698468","2026-06-15","Facebook","泰熙爾 札娜寶石學院 - 世界各式彩寶.原礦批發 - 代客切磨 . 教學     Tahir Zainab Gems & Rough of World","黑金超七｜項鏈（星輝骨幹）20260621g81fb","1","Reel","https://www.facebook.com/reel/1336051131225133/","1627804834169159_1502851548521455","64","0","0"
"698467","2026-06-15","Instagram","tzgems666","黑金超七｜項鏈（星輝骨幹）20260621g81ig","1","Reel","https://www.instagram.com/reel/DZ1XC6Zz5hY/","18004264487949195","14","0","0"
"698464","2026-06-15","Facebook","泰熙爾 札娜寶石學院 - 世界各式彩寶.原礦批發 - 代客切磨 . 教學     Tahir Zainab Gems & Rough of World","帝王拓帕石系列｜裸石 ｜寵粉20260621g80fb","1","Reel","https://www.facebook.com/reel/1031837696060898/","1627804834169159_1502851148521495","64","0","0"
"698463","2026-06-15","Instagram","tzgems666","帝王拓帕石系列｜裸石 ｜寵粉20260621g80ig","1","Reel","https://www.instagram.com/reel/DZ1XDJhzpXy/","17928312600347390","0","0","0"
"698461","2026-06-15","Facebook","泰熙爾 札娜寶石學院 - 世界各式彩寶.原礦批發 - 代客切磨 . 教學     Tahir Zainab Gems & Rough of World","斑彩菊石｜吊墜｜寵粉20260620g79fb","1","Reel","https://www.facebook.com/reel/1990969465112574/","1627804834169159_1501975258609084","2","0","0"
"698457","2026-06-15","Instagram","tzgems666","斑彩菊石｜吊墜｜寵粉20260620g79ig","1","Reel","https://www.instagram.com/reel/DZyyRXoTAgs/","17871937866534848","0","0","0"
"698453","2026-06-15","Facebook","泰熙爾 札娜寶石學院 - 世界各式彩寶.原礦批發 - 代客切磨 . 教學     Tahir Zainab Gems & Rough of World","蕭邦同款｜彩寶可開關寶盒｜吊墜20260620g78fb","1","Reel","https://www.facebook.com/reel/1324462149202677/","1627804834169159_1501975468609063","3","0","0"
"698446","2026-06-15","Instagram","tzgems666","蕭邦同款｜彩寶可開關寶盒｜吊墜20260620g78ig","1","Reel","https://www.instagram.com/reel/DZyyR5QzB7c/","18457262671119958","0","0","0"
"698440","2026-06-15","Facebook","泰熙爾 札娜寶石學院 - 世界各式彩寶.原礦批發 - 代客切磨 . 教學     Tahir Zainab Gems & Rough of World","紫黃晶｜裸石20260620g77fb","1","Reel","https://www.facebook.com/reel/1410836900866004/","1627804834169159_1501975351942408","76","0","0"
"698438","2026-06-15","Instagram","tzgems666","紫黃晶｜裸石20260620g77ig","1","Reel","https://www.instagram.com/reel/DZyyM5oT11I/","18080973638636262","1","0","0"
"698434","2026-06-15","Facebook","泰熙爾 札娜寶石學院 - 世界各式彩寶.原礦批發 - 代客切磨 . 教學     Tahir Zainab Gems & Rough of World","一路滿賺 / 高級感拉滿 18k墨桑 銀河之星手鏈20260619g76fb","1","Reel","https://www.facebook.com/reel/2868914953453092/","1627804834169159_1501062708700339","0","0","0"
"698432","2026-06-15","Instagram","tzgems666","一路滿賺 / 高級感拉滿 18k墨桑 銀河之星手鏈20260619g76ig","1","Reel","https://www.instagram.com/reel/DZwNZZhTHyw/","17900188974460096","1","0","0"
"698430","2026-06-15","Facebook","泰熙爾 札娜寶石學院 - 世界各式彩寶.原礦批發 - 代客切磨 . 教學     Tahir Zainab Gems & Rough of World","倫敦藍拓帕｜方枕型裸石20260619g75fb","1","Reel","https://www.facebook.com/reel/3639153819566298/","1627804834169159_1501062698700340","64","0","0"
"698429","2026-06-15","Instagram","tzgems666","倫敦藍拓帕｜方枕型裸石20260619g75ig","1","Reel","https://www.instagram.com/reel/DZwNbI7TPmU/","18131235415610506","3","0","0"
"698427","2026-06-15","Facebook","泰熙爾 札娜寶石學院 - 世界各式彩寶.原礦批發 - 代客切磨 . 教學     Tahir Zainab Gems & Rough of World","彩寶｜雙石戒指20260619g74fb","1","Reel","https://www.facebook.com/reel/1013919971132170/","1627804834169159_1501062898700320","2","0","0"
"698426","2026-06-15","Instagram","tzgems666","彩寶｜雙石戒指20260619g74ig","1","Reel","https://www.instagram.com/reel/DZwNeXEz_RY/","18132898894586358","0","0","0"
"698425","2026-06-15","Facebook","泰熙爾 札娜寶石學院 - 世界各式彩寶.原礦批發 - 代客切磨 . 教學     Tahir Zainab Gems & Rough of World","橄欖石黑碧璽｜裸石20260617g73fb","1","Reel","https://www.facebook.com/reel/4086433124981861/","1627804834169159_1499314368875173","30","0","0"
"698422","2026-06-15","Instagram","tzgems666","橄欖石黑碧璽｜裸石20260617g73ig","1","Reel","https://www.instagram.com/reel/DZrKq-RTyIS/","17931238914300894","10","0","0"
"698420","2026-06-15","Facebook","泰熙爾 札娜寶石學院 - 世界各式彩寶.原礦批發 - 代客切磨 . 教學     Tahir Zainab Gems & Rough of World","穩定溫和磁場｜天然鉍晶體20260617g72fb","1","Reel","https://www.facebook.com/reel/1526278689047075/","1627804834169159_1499279092212034","92","0","0"
"698419","2026-06-15","Instagram","tzgems666","穩定溫和磁場｜天然鉍晶體20260617g72ig","1","Reel","https://www.instagram.com/reel/DZrD2Y4T_O6/","18129315919613257","15","0","0"
"698416","2026-06-15","Facebook","泰熙爾 札娜寶石學院 - 世界各式彩寶.原礦批發 - 代客切磨 . 教學     Tahir Zainab Gems & Rough of World","招財旺事業｜平步青雲&綠幽靈｜手串20260617g71fb","1","Reel","https://www.facebook.com/reel/2231405297701967/","1627804834169159_1499240878882522","6","0","0"
"698415","2026-06-15","Instagram","tzgems666","招財旺事業｜平步青雲&綠幽靈｜手串20260617g71ig","1","Reel","https://www.instagram.com/reel/DZq89otzrB_/","17880362817457453","0","0","0"
"698397","2026-06-15","Facebook","泰熙爾 札娜寶石學院 - 世界各式彩寶.原礦批發 - 代客切磨 . 教學     Tahir Zainab Gems & Rough of World","自帶光芒｜手鏈｜天然歐泊20260616g70fb","1","Reel","https://www.facebook.com/reel/1556732512784571/","1627804834169159_1498420612297882","7","0","0"
"698396","2026-06-15","Instagram","tzgems666","自帶光芒｜手鏈｜天然歐泊20260616g70ig","1","Reel","https://www.instagram.com/reel/DZol9Joz4Lc/","17894360859525620","0","0","0"
"698390","2026-06-15","Facebook","泰熙爾 札娜寶石學院 - 世界各式彩寶.原礦批發 - 代客切磨 . 教學     Tahir Zainab Gems & Rough of World","能量盾牌｜彩虹黑曜岩手串20260616g69fb","1","Reel","https://www.facebook.com/reel/1323333340007788/","1627804834169159_1498386422301301","80","0","0"
"698389","2026-06-15","Instagram","tzgems666","能量盾牌｜彩虹黑曜岩手串20260616g69ig","1","Reel","https://www.instagram.com/reel/DZofAopzklO/","18470234422101963","0","0","0"
"698388","2026-06-15","Facebook","泰熙爾 札娜寶石學院 - 世界各式彩寶.原礦批發 - 代客切磨 . 教學     Tahir Zainab Gems & Rough of World","12星座守護寶石20260616g68fb","1","Reel","https://www.facebook.com/reel/2472022173283664/","1627804834169159_1498348852305058","65","0","0"
"698387","2026-06-15","Instagram","tzgems666","12星座守護寶石20260616g68ig","1","Reel","https://www.instagram.com/reel/DZoYM2hTEsx/","18082012640186243","9","0","0"
"697789","2026-06-12","Instagram","tzgems666","異象貼文","1","照片","https://www.instagram.com/p/DZezp-pmhfc/","17916611580392680","0","0","0"
"697788","2026-06-12","Facebook","泰熙爾 札娜寶石學院 - 世界各式彩寶.原礦批發 - 代客切磨 . 教學     Tahir Zainab Gems & Rough of World","異象貼文","1","照片","https://www.facebook.com/681888940617724/posts/1494992459307364","1627804834169159_1494992459307364","27","0","0"
"697701","2026-06-12","Facebook","泰熙爾 札娜寶石學院 - 世界各式彩寶.原礦批發 - 代客切磨 . 教學     Tahir Zainab Gems & Rough of World","異象水晶20260612f62fb","1","Reel","https://www.facebook.com/reel/1746525469923147/","1627804834169159_1494961849310425","15","0","0"
"697699","2026-06-12","Instagram","tzgems666","異象水晶20260612f62ig","1","Reel","https://www.instagram.com/reel/DZeuNJYTBUg/","18071941940488134","0","0","0"
"697654","2026-06-12","Instagram","tzgems666","2026/06/12橄欖石黑碧璽｜裸石","1","照片","https://www.instagram.com/p/DZeLQV8mqNI/","18052086740759367","5","0","0"
"697653","2026-06-12","Facebook","泰熙爾 札娜寶石學院 - 世界各式彩寶.原礦批發 - 代客切磨 . 教學     Tahir Zainab Gems & Rough of World","2026/06/12橄欖石黑碧璽｜裸石","1","照片","https://www.facebook.com/681888940617724/posts/1494772232662720","1627804834169159_1494772232662720","159","0","0"
"697647","2026-06-12","Instagram","tzgems666","2026/06/12大克拉｜瑞士藍托帕石 貼文","1","照片","https://www.instagram.com/p/DZeKSwJGnsd/","17994936011982381","20","0","0"
"697646","2026-06-12","Facebook","泰熙爾 札娜寶石學院 - 世界各式彩寶.原礦批發 - 代客切磨 . 教學     Tahir Zainab Gems & Rough of World","2026/06/12大克拉｜瑞士藍托帕石貼文","1","照片","https://www.facebook.com/681888940617724/posts/1494767829329827","1627804834169159_1494767829329827","315","0","0"
"697643","2026-06-12","Instagram","tzgems666","鴿子蛋｜天然薰衣草水晶裸石 貼文","1","照片","https://www.instagram.com/p/DZeHgupmnBM/","18091843340013361","0","0","0"
"697642","2026-06-12","Facebook","泰熙爾 札娜寶石學院 - 世界各式彩寶.原礦批發 - 代客切磨 . 教學     Tahir Zainab Gems & Rough of World","鴿子蛋｜天然薰衣草水晶裸石 貼文","1","照片","https://www.facebook.com/681888940617724/posts/1494753575997919","1627804834169159_1494753575997919","8","0","0"
"697493","2026-06-11","Facebook","泰熙爾 札娜寶石學院 - 世界各式彩寶.原礦批發 - 代客切磨 . 教學     Tahir Zainab Gems & Rough of World","強光白亮｜天然淡水珍珠套組20260615g67fb","1","Reel","https://www.facebook.com/reel/27124366640549285/","1627804834169159_1497534639053146","1","0","0"
"697492","2026-06-11","Instagram","tzgems666","強光白亮｜天然淡水珍珠套組20260615g67ig","1","Reel","https://www.instagram.com/reel/DZmBHHXzQjo/","17870609076653219","0","0","0"
"697483","2026-06-11","Facebook","泰熙爾 札娜寶石學院 - 世界各式彩寶.原礦批發 - 代客切磨 . 教學     Tahir Zainab Gems & Rough of World","CP值最高小資首選｜莫桑鑽(水藍)戒指20260615g66fb","1","Reel","https://www.facebook.com/reel/999878853016408/","1627804834169159_1497497139056896","16","0","0"
"697482","2026-06-11","Instagram","tzgems666","CP值最高小資首選｜莫桑鑽(水藍)戒指20260615g66ig","1","Reel","https://www.instagram.com/reel/DZl6TFLTF2o/","18083030852173481","3","0","0"
"697457","2026-06-11","Facebook","泰熙爾 札娜寶石學院 - 世界各式彩寶.原礦批發 - 代客切磨 . 教學     Tahir Zainab Gems & Rough of World","祖母綠經典婚戒・璀璨永恆的承諾20260615g65fb","1","Reel","https://www.facebook.com/reel/1016309034240055/","1627804834169159_1497459685727308","92","0","0"
"697455","2026-06-11","Instagram","tzgems666","祖母綠經典婚戒・璀璨永恆的承諾20260615g65ig","1","Reel","https://www.instagram.com/reel/DZnFzC0THqv/","17929705749343904","14","0","0"
"697447","2026-06-11","Facebook","泰熙爾 札娜寶石學院 - 世界各式彩寶.原礦批發 - 代客切磨 . 教學     Tahir Zainab Gems & Rough of World","橄欖石黑碧璽｜裸石20260612f61fb","1","Reel","https://www.facebook.com/reel/2097307288334193/","1627804834169159_1494883835984893","4","0","0"
"697445","2026-06-11","Instagram","tzgems666","橄欖石黑碧璽｜裸石20260612f61ig","1","Reel","https://www.instagram.com/reel/DZegeo_T4A4/","17869229028548313","1","0","0"
"697436","2026-06-11","Facebook","泰熙爾 札娜寶石學院 - 世界各式彩寶.原礦批發 - 代客切磨 . 教學     Tahir Zainab Gems & Rough of World","鴿子蛋｜天然薰衣草水晶裸石20260612f60fb","1","Reel","https://www.facebook.com/reel/1625327508544234/","1627804834169159_1494775465995730","18","0","0"
"697435","2026-06-11","Instagram","tzgems666","鴿子蛋｜天然薰衣草水晶裸石20260612f60ig","1","Reel","https://www.instagram.com/reel/DZeL4bFTsCJ/","18140617960471284","6","0","0"
"697003","2026-06-10","Facebook","泰熙爾 札娜寶石學院 - 世界各式彩寶.原礦批發 - 代客切磨 . 教學     Tahir Zainab Gems & Rough of World","珠寶等級紫水晶限量登場！20260614g64fb","1","Reel","https://www.facebook.com/reel/989940000696609/","1627804834169159_1496595659147044","1","0","0"
"697001","2026-06-10","Instagram","tzgems666","珠寶等級紫水晶限量登場！20260614g64ig","1","Reel","https://www.instagram.com/reel/DZjVcfDzwyx/","18099448949143105","1","0","0"
"696997","2026-06-10","Facebook","泰熙爾 札娜寶石學院 - 世界各式彩寶.原礦批發 - 代客切磨 . 教學     Tahir Zainab Gems & Rough of World","夢幻海龜項鍊!來了20260614g63fb","1","Reel","https://www.facebook.com/reel/1012313517927817/","1627804834169159_1496595442480399","14","0","0"
"696995","2026-06-10","Instagram","tzgems666","夢幻海龜項鍊!來了20260614g63ig","1","Reel","https://www.instagram.com/reel/DZjVav_TM6L/","18121431391662245","0","0","0"
"696980","2026-06-10","Facebook","泰熙爾 札娜寶石學院 - 世界各式彩寶.原礦批發 - 代客切磨 . 教學     Tahir Zainab Gems & Rough of World","寵粉訂製 招財貓頭鷹20260614g62fb","1","Reel","https://www.facebook.com/reel/1035213312366351/","1627804834169159_1496595032480440","17","0","0"
"696979","2026-06-10","Instagram","tzgems666","寵粉訂製 招財貓頭鷹20260614g62ig","1","Reel","https://www.instagram.com/reel/DZjVdNATnVJ/","18092666447017035","2","0","0"
"696978","2026-06-10","Facebook","泰熙爾 札娜寶石學院 - 世界各式彩寶.原礦批發 - 代客切磨 . 教學     Tahir Zainab Gems & Rough of World","五行不夠，首飾來湊20260613g61fb","1","Reel","https://www.facebook.com/reel/970997802233861/","1627804834169159_1495692169237393","46","0","0"
"696975","2026-06-10","Instagram","tzgems666","五行不夠，首飾來湊20260613g61ig","1","Reel","https://www.instagram.com/reel/DZgwoJ4zwwp/","18107487409983386","1","0","0"
"696970","2026-06-10","Facebook","泰熙爾 札娜寶石學院 - 世界各式彩寶.原礦批發 - 代客切磨 . 教學     Tahir Zainab Gems & Rough of World","30分天然鑽石 × 18K金｜獻給最愛的她20260613g60fb","1","Reel","https://www.facebook.com/reel/1694324712482279/","1627804834169159_1495692155904061","29","0","0"
"696969","2026-06-10","Instagram","tzgems666","30分天然鑽石 × 18K金｜獻給最愛的她20260613g60ig","1","Reel","https://www.instagram.com/reel/DZgwqwCzK-E/","18039493799644728","9","0","0"
"696967","2026-06-10","Facebook","泰熙爾 札娜寶石學院 - 世界各式彩寶.原礦批發 - 代客切磨 . 教學     Tahir Zainab Gems & Rough of World","天然琥珀｜能量守護選品20260613g59fb","1","Reel","https://www.facebook.com/reel/1922200651769425/","1627804834169159_1495692082570735","86","0","0"
"696966","2026-06-10","Instagram","tzgems666","天然琥珀｜能量守護選品20260613g59ig","1","Reel","https://www.instagram.com/reel/DZgwqICzNdJ/","18106002100967931","1","0","0"
"696609","2026-06-09","Facebook","泰熙爾 札娜寶石學院 - 世界各式彩寶.原礦批發 - 代客切磨 . 教學     Tahir Zainab Gems & Rough of World","30分天然鑽石 × 18K金｜獻給最愛的她20260611g58fb","1","Reel","https://www.facebook.com/reel/1284423060346980/","1627804834169159_1493880402751903","0","0","0"
"696607","2026-06-09","Instagram","tzgems666","30分天然鑽石 × 18K金｜獻給最愛的她20260611g58ig","1","Reel","https://www.instagram.com/reel/DZbt7nMBpOx/","18094836320264414","1","0","0"
"696603","2026-06-09","Facebook","泰熙爾 札娜寶石學院 - 世界各式彩寶.原礦批發 - 代客切磨 . 教學     Tahir Zainab Gems & Rough of World","天選三石｜一生守護20260611g57fb","1","Reel","https://www.facebook.com/reel/1774537367043518/","1627804834169159_1493842949422315","45","0","0"
"696602","2026-06-09","Instagram","tzgems666","天選三石｜一生守護20260611g57ig","1","Reel","https://www.instagram.com/reel/DZbnFsShNuT/","17877765639656246","10","0","0"
"696598","2026-06-09","Facebook","泰熙爾 札娜寶石學院 - 世界各式彩寶.原礦批發 - 代客切磨 . 教學     Tahir Zainab Gems & Rough of World","小資珠寶 寵粉EP.1 心型托帕石20260611g56fb","1","Reel","https://www.facebook.com/reel/1501539891004049/","1627804834169159_1493798609426749","17","0","0"
"696596","2026-06-09","Instagram","tzgems666","小資珠寶 寵粉EP.1 心型托帕石20260611g56ig","1","Reel","https://www.instagram.com/reel/DZbgOCnTJk8/","18087048884455046","0","0","0"
"696590","2026-06-09","Facebook","泰熙爾 札娜寶石學院 - 世界各式彩寶.原礦批發 - 代客切磨 . 教學     Tahir Zainab Gems & Rough of World","風信子石&💚透輝石(裸石)20260610g55fb","1","Reel","https://www.facebook.com/reel/26523938227280603/","1627804834169159_1492980209508589","53","0","0"
"696589","2026-06-09","Instagram","tzgems666","風信子石&💚透輝石(裸石)20260610g55ig","1","Reel","https://www.instagram.com/reel/DZZJLawT07P/","17885880039575402","3","0","0"
"696584","2026-06-09","Facebook","泰熙爾 札娜寶石學院 - 世界各式彩寶.原礦批發 - 代客切磨 . 教學     Tahir Zainab Gems & Rough of World","(皇冠)祖母綠戒指 母女對戒20260610g54fb","1","Reel","https://www.facebook.com/reel/991370840487382/","1627804834169159_1492941556179121","0","0","0"
"696582","2026-06-09","Instagram","tzgems666","(皇冠)祖母綠戒指 母女對戒20260610g54ig","1","Reel","https://www.instagram.com/reel/DZZCVQIzIsG/","18104021336044488","0","0","0"
"696571","2026-06-09","Facebook","泰熙爾 札娜寶石學院 - 世界各式彩寶.原礦批發 - 代客切磨 . 教學     Tahir Zainab Gems & Rough of World","能量水晶｜金髮晶蛋面吊墜20260610g53fb","1","Reel","https://www.facebook.com/reel/2021517611813879/","1627804834169159_1492899536183323","76","0","0"
"696570","2026-06-09","Instagram","tzgems666","能量水晶｜金髮晶蛋面吊墜20260610g53ig","1","Reel","https://www.instagram.com/reel/DZY7bmtTU8M/","18108547204937185","7","0","0"
"696356","2026-06-08","Facebook","泰熙爾 札娜寶石學院 - 世界各式彩寶.原礦批發 - 代客切磨 . 教學     Tahir Zainab Gems & Rough of World","6/9避坑指南","1","Reel","https://www.facebook.com/reel/979462144871336/","1627804834169159_1492189136254363","2","0","0"
"696352","2026-06-08","Instagram","tzgems666","6/9避坑指南","1","Reel","https://www.instagram.com/reel/DZXGsfSzt3l/","18064057052686976","102","0","0"
"695755","2026-06-05","Facebook","泰熙爾 札娜寶石學院 - 世界各式彩寶.原礦批發 - 代客切磨 . 教學     Tahir Zainab Gems & Rough of World","寵粉彩藍寶有錢花戒指20260607g52fb","1","Reel","https://www.facebook.com/reel/975372872058182/","1627804834169159_1490136593126284","9","0","0"
"695754","2026-06-05","Instagram","tzgems666","寵粉彩藍寶有錢花戒指20260607g52ig","1","Reel","https://www.instagram.com/reel/DZRT6VeznGG/","18128393449617831","4","0","0"
"695753","2026-06-05","Facebook","泰熙爾 札娜寶石學院 - 世界各式彩寶.原礦批發 - 代客切磨 . 教學     Tahir Zainab Gems & Rough of World","自帶光芒｜手鍊｜天然歐泊20260607g51fb","1","Reel","https://www.facebook.com/reel/1707971080197351/","1627804834169159_1490136566459620","35","0","0"
"695752","2026-06-05","Instagram","tzgems666","自帶光芒｜手鏈｜天然歐泊20260607g51ig","1","Reel","https://www.instagram.com/reel/DZRT3jYTJJk/","18005560235744846","8","0","0"
"695751","2026-06-05","Facebook","泰熙爾 札娜寶石學院 - 世界各式彩寶.原礦批發 - 代客切磨 . 教學     Tahir Zainab Gems & Rough of World","能量寶石｜彩寶20260606g50fb","1","Reel","https://www.facebook.com/reel/2443934839416826/","1627804834169159_1489154453224498","11","0","0"
"695750","2026-06-05","Instagram","tzgems666","能量寶石｜彩寶20260606g50ig","1","Reel","https://www.instagram.com/reel/DZOvHmDTNxp/","17890545729536577","1","0","0"
"695749","2026-06-05","Facebook","泰熙爾 札娜寶石學院 - 世界各式彩寶.原礦批發 - 代客切磨 . 教學     Tahir Zainab Gems & Rough of World","小資奢華｜綠透輝耳環20260606g49fb","1","Reel","https://www.facebook.com/reel/1489916952249358/","1627804834169159_1489154336557843","3","0","0"
"695748","2026-06-05","Instagram","tzgems666","小資奢華｜綠透輝耳釘20260606g49ig","1","Reel","https://www.instagram.com/reel/DZOvIfGTEYV/","18008133962916477","2","0","0"
"695660","2026-06-05","Facebook","泰熙爾 札娜寶石學院 - 世界各式彩寶.原礦批發 - 代客切磨 . 教學     Tahir Zainab Gems & Rough of World","週日直播預告","1","Reel","https://www.facebook.com/reel/1338386794908023/","1627804834169159_1490136583126285","122","0","0"
"695654","2026-06-05","Instagram","tzgems666","週日直播預告","1","Reel","https://www.instagram.com/reel/DZRT8b1TOMc/","18131524816582742","3","0","0"
"695653","2026-06-05","Facebook","泰熙爾 札娜寶石學院 - 世界各式彩寶.原礦批發 - 代客切磨 . 教學     Tahir Zainab Gems & Rough of World","20260606招商","8","Reel","https://www.facebook.com/reel/1996780534543145/
https://www.facebook.com/reel/2068063204107492/
https://www.facebook.com/reel/2237868170364035/
https://www.facebook.com/reel/2092214904661592/
https://www.facebook.com/reel/25302984699398519/
https://www.facebook.com/reel/1704315730783950/
https://www.facebook.com/reel/2176478149800093/
https://www.facebook.com/reel/2895633707458291/","1627804834169159_1489154273224516
1627804834169159_1495692159237394
1627804834169159_1501975425275734
1627804834169159_1508317564641520
1627804834169159_1515050350634908
1627804834169159_1521218006684809
1627804834169159_1532993305507279
1627804834169159_1535899888549954","109","0","0"
"695650","2026-06-05","Instagram","tzgems666","20260606招商","6","Reel","https://www.instagram.com/reel/DZOvC7rz4UN/
https://www.instagram.com/reel/DZgwthrTnIL/
https://www.instagram.com/reel/DZyyPwbT5Z_/
https://www.instagram.com/reel/DaEzy8MzAl5/
https://www.instagram.com/reel/DaXsQBkTLTi/
https://www.instagram.com/reel/DapgLcbTjvb/","18409156759195277
17893343370489131
18141255976531532
18123371713681916
18009080051919439
17946551367230940","29","0","0"
"695633","2026-06-05","Facebook","泰熙爾 札娜寶石學院 - 世界各式彩寶.原礦批發 - 代客切磨 . 教學     Tahir Zainab Gems & Rough of World","三角形裸石20260605f59fb","1","Reel","https://www.facebook.com/reel/1493565381677642/","1627804834169159_1488548433285100","137","0","0"
"695631","2026-06-05","Instagram","tzgems666","三角形裸石20260605f59ig","1","Reel","https://www.instagram.com/reel/DZNIBEJy47P/","18457341745112593","11","0","0"
"695625","2026-06-05","Facebook","泰熙爾 札娜寶石學院 - 世界各式彩寶.原礦批發 - 代客切磨 . 教學     Tahir Zainab Gems & Rough of World","寶石鏤空緞帶香包吊墜20260605f58fb","1","Reel","https://www.facebook.com/reel/1287419673591926/","1627804834169159_1488559403284003","3","0","0"
"695623","2026-06-05","Instagram","tzgems666","寶石鏤空緞帶香包吊墜20260605f58ig","1","Reel","https://www.instagram.com/reel/DZNJzIWSUac/","18441028840141136","1","0","0"
"695617","2026-06-05","Facebook","泰熙爾 札娜寶石學院 - 世界各式彩寶.原礦批發 - 代客切磨 . 教學     Tahir Zainab Gems & Rough of World","晨曦微光｜耳環20260605f57fb","1","Reel","https://www.facebook.com/reel/1275822617662607/","1627804834169159_1488517473288196","14","0","0"
"695615","2026-06-05","Instagram","tzgems666","晨曦微光｜耳環20260605f57ig","1","Reel","https://www.instagram.com/reel/DZNDKBYybW8/","18090771272208432","0","0","0"
"695602","2026-06-05","Instagram","tzgems666","儲值購物金 貼文","1","照片","https://www.instagram.com/p/DZM2InbGo1W/","18141883999525599","0","0","0"
"695601","2026-06-05","Facebook","泰熙爾 札娜寶石學院 - 世界各式彩寶.原礦批發 - 代客切磨 . 教學     Tahir Zainab Gems & Rough of World","儲值購物金 貼文","1","照片","https://www.facebook.com/681888940617724/posts/1488432056630071","1627804834169159_1488432056630071","0","0","0"
"695528","2026-06-05","Facebook","泰熙爾 札娜寶石學院 - 世界各式彩寶.原礦批發 - 代客切磨 . 教學     Tahir Zainab Gems & Rough of World","直播貼文預告","1","照片","https://www.facebook.com/681888940617724/posts/1488318689974741","1627804834169159_1488318689974741","50","0","0"
"695523","2026-06-05","Instagram","tzgems666","直播預告貼文","1","照片","https://www.instagram.com/p/DZMjnWtmo3T/","18407635885145106","2","0","0"
"695256","2026-06-04","Instagram","tzgems666","端午節預告貼文","1","照片","https://www.instagram.com/p/DZKFd5emj7B/","18095074066959097","0","0","0"
"695255","2026-06-04","Facebook","泰熙爾 札娜寶石學院 - 世界各式彩寶.原礦批發 - 代客切磨 . 教學     Tahir Zainab Gems & Rough of World","端午節預告貼文","1","照片","https://www.facebook.com/681888940617724/posts/1487400136733263","1627804834169159_1487400136733263","50","0","0"
"695252","2026-06-04","Facebook","泰熙爾 札娜寶石學院 - 世界各式彩寶.原礦批發 - 代客切磨 . 教學     Tahir Zainab Gems & Rough of World","珠寶等級紫水晶限量登場！20260609g48fb","1","Reel","https://www.facebook.com/reel/1572433961111812/","1627804834169159_1491972922942651","0","0","0"
"695251","2026-06-04","Instagram","tzgems666","珠寶等級紫水晶限量登場！20260609g48ig","1","Reel","https://www.instagram.com/reel/DZWdg4YTyKR/","17893108386480304","6","0","0"
"695244","2026-06-04","Facebook","泰熙爾 札娜寶石學院 - 世界各式彩寶.原礦批發 - 代客切磨 . 教學     Tahir Zainab Gems & Rough of World","限量坦桑石20260609g47fb","1","Reel","https://www.facebook.com/reel/2045959206305841/","1627804834169159_1492007809605829","28","0","0"
"695243","2026-06-04","Instagram","tzgems666","限量坦桑石20260609g47ig","1","Reel","https://www.instagram.com/reel/DZWkZNXTjob/","18344568316174903","5","0","0"
"695242","2026-06-04","Facebook","泰熙爾 札娜寶石學院 - 世界各式彩寶.原礦批發 - 代客切磨 . 教學     Tahir Zainab Gems & Rough of World","招財旺事業｜平步青雲&綠幽靈｜手串20260609g46fb","1","Reel","https://www.facebook.com/reel/1293528529506574/","1627804834169159_1491936656279611","58","0","0"
"695240","2026-06-04","Instagram","tzgems666","招財旺事業｜平步青雲&綠幽靈｜手串20260609g46ig","1","Reel","https://www.instagram.com/reel/DZWWkhgThPt/","18124549900713636","6","0","0"
"695238","2026-06-04","Facebook","泰熙爾 札娜寶石學院 - 世界各式彩寶.原礦批發 - 代客切磨 . 教學     Tahir Zainab Gems & Rough of World","16石💎寵粉戒指💎20260608g45fb","1","Reel","https://www.facebook.com/reel/1647543219863959/","1627804834169159_1491041113035832","0","0","0"
"695234","2026-06-04","Instagram","tzgems666","16石💎寵粉戒指💎20260608g45ig","1","Reel","https://www.instagram.com/reel/DZT4tPcTfpQ/","18101424455038134","0","0","0"
"695210","2026-06-04","Facebook","泰熙爾 札娜寶石學院 - 世界各式彩寶.原礦批發 - 代客切磨 . 教學     Tahir Zainab Gems & Rough of World","天然琥珀｜能量守護選品20260608g44fb","1","Reel","https://www.facebook.com/reel/1319318153004217/","1627804834169159_1491077819698828","49","0","0"
"695205","2026-06-04","Instagram","tzgems666","天然琥珀｜能量守護選品20260608g44ig","1","Reel","https://www.instagram.com/reel/DZT_nO7zged/","17873478636613848","5","0","0"
"695200","2026-06-04","Facebook","泰熙爾 札娜寶石學院 - 世界各式彩寶.原礦批發 - 代客切磨 . 教學     Tahir Zainab Gems & Rough of World","太陽之石｜橄欖石｜手鍊20260608g43fb","1","Reel","https://www.facebook.com/reel/992131297135843/","1627804834169159_1490997689706841","34","0","0"
"695197","2026-06-04","Instagram","tzgems666","太陽之石｜橄欖石｜手鍊20260608g43ig","1","Reel","https://www.instagram.com/reel/DZTxzYDTxmi/","18139366471539155","3","0","0"
"695196","2026-06-04","Facebook","泰熙爾 札娜寶石學院 - 世界各式彩寶.原礦批發 - 代客切磨 . 教學     Tahir Zainab Gems & Rough of World","30分天然鑽石 × 18K金｜獻給最愛的她20260607g42fb","1","Reel","https://www.facebook.com/reel/1527343955497888/","1627804834169159_1490136513126292","0","0","0"
"695195","2026-06-04","Instagram","tzgems666","30分天然鑽石 × 18K金｜獻給最愛的她20260607g42ig","1","Reel","https://www.instagram.com/reel/DZRT63qTE-1/","17933905953268409","0","0","0"
"695189","2026-06-04","Facebook","泰熙爾 札娜寶石學院 - 世界各式彩寶.原礦批發 - 代客切磨 . 教學     Tahir Zainab Gems & Rough of World","天選三石｜一生守護 20260606g41fb","1","Reel","https://www.facebook.com/reel/1885996212079389/","1627804834169159_1489154559891154","31","0","0"
"695186","2026-06-04","Instagram","tzgems666","天選三石｜一生守護 20260606g41ig","1","Reel","https://www.instagram.com/reel/DZOvDjhztJj/","17891121063535539","3","0","0"
"695184","2026-06-04","Facebook","泰熙爾 札娜寶石學院 - 世界各式彩寶.原礦批發 - 代客切磨 . 教學     Tahir Zainab Gems & Rough of World","小資珠寶 寵粉EP.1 心型托帕石20260605g40fb","1","Reel","https://www.facebook.com/reel/1510150580844984/","1627804834169159_1488174839989126","65","0","0"
"695183","2026-06-04","Instagram","tzgems666","小資珠寶 寵粉EP.1 心型托帕石20260605g40ig","1","Reel","https://www.instagram.com/reel/DZMKVt_TT7Z/","17934018099269398","6","0","0"
"694880","2026-06-03","Facebook","泰熙爾 札娜寶石學院 - 世界各式彩寶.原礦批發 - 代客切磨 . 教學     Tahir Zainab Gems & Rough of World","風信子石&💚透輝石(裸石)20260604g39fb","1","Reel","https://www.facebook.com/reel/1315657713322733/","1627804834169159_1487223860084224","86","0","0"
"694878","2026-06-03","Instagram","tzgems666","風信子石&💚透輝石(裸石)20260604g39ig","1","Reel","https://www.instagram.com/reel/DZJlhaeTZji/","17892073233476779","14","0","0"
"694871","2026-06-03","Facebook","泰熙爾 札娜寶石學院 - 世界各式彩寶.原礦批發 - 代客切磨 . 教學     Tahir Zainab Gems & Rough of World","靈域之光｜閃靈油膽手鏈20260604g38fb","1","Reel","https://www.facebook.com/reel/762078796931571/","1627804834169159_1487262266747050","411","0","0"
"694870","2026-06-03","Instagram","tzgems666","靈域之光｜閃靈油膽手鏈20260604g38ig","1","Reel","https://www.instagram.com/reel/DZJsYHbzgWt/","17947828236190924","14","0","0"
"694868","2026-06-03","Facebook","泰熙爾 札娜寶石學院 - 世界各式彩寶.原礦批發 - 代客切磨 . 教學     Tahir Zainab Gems & Rough of World","月影秘語｜灰月光拉長石牌子20260604g37fb","1","Reel","https://www.facebook.com/reel/968829485776335/","1627804834169159_1487183643421579","31","0","0"
"694866","2026-06-03","Instagram","tzgems666","月影秘語｜灰月光拉長石牌子20260604g37ig","1","Reel","https://www.instagram.com/reel/DZJezOyyghA/","17945999517195902","4","0","0"
"694833","2026-06-03","Instagram","tzgems666","海藍寶戒指貼文","1","照片","https://www.instagram.com/p/DZHmqd2GgnF/","18064236485444659","0","0","0"
"694832","2026-06-03","Facebook","泰熙爾 札娜寶石學院 - 世界各式彩寶.原礦批發 - 代客切磨 . 教學     Tahir Zainab Gems & Rough of World","海藍寶戒指貼文","1","照片","https://www.facebook.com/681888940617724/posts/1486446576828619","1627804834169159_1486446576828619","59","0","0"
"694711","2026-06-03","Facebook","泰熙爾 札娜寶石學院 - 世界各式彩寶.原礦批發 - 代客切磨 . 教學     Tahir Zainab Gems & Rough of World","祖母綠戒指 母女對戒20260603g36fb","1","Reel","https://www.facebook.com/reel/1311936417788438/","1627804834169159_1486230200183590","0","0","0"
"694710","2026-06-03","Instagram","tzgems666","祖母綠戒指 母女對戒20260603g36ig","1","Reel","https://www.instagram.com/reel/DZHAtU9z0Zj/","18132966046598072","0","0","0"
"694706","2026-06-03","Facebook","泰熙爾 札娜寶石學院 - 世界各式彩寶.原礦批發 - 代客切磨 . 教學     Tahir Zainab Gems & Rough of World","520對戒20260603g35fb","1","Reel","https://www.facebook.com/reel/1830837497894139/","1627804834169159_1486269510179659","25","0","0"
"694705","2026-06-03","Instagram","tzgems666","520對戒20260603g35ig","1","Reel","https://www.instagram.com/reel/DZHHonZzEa5/","18138049069526461","0","0","0"
"694704","2026-06-03","Facebook","泰熙爾 札娜寶石學院 - 世界各式彩寶.原礦批發 - 代客切磨 . 教學     Tahir Zainab Gems & Rough of World","限量盲盒 · 蓮花色雙寶20260603g34fb","1","Reel","https://www.facebook.com/reel/2237792423426458/","1627804834169159_1486195336853743","43","0","0"
"694701","2026-06-03","Instagram","tzgems666","限量盲盒 · 蓮花色雙寶20260603g34ig","1","Reel","https://www.instagram.com/reel/DZG69FFyjM7/","18114535798798743","0","0","0"
"694420","2026-06-02","Facebook","泰熙爾 札娜寶石學院 - 世界各式彩寶.原礦批發 - 代客切磨 . 教學     Tahir Zainab Gems & Rough of World","限量放漏(藍晶石、紅寶石、天空藍托帕石)20260602g32fb","1","Reel","https://www.facebook.com/reel/2435790413594475/","1627804834169159_1485289250277685","35","0","0"
"694419","2026-06-02","Instagram","tzgems666","限量放漏(藍晶石、紅寶石、天空藍托帕石)20260602g32ig","1","Reel","https://www.instagram.com/reel/DZEi1uWzfUE/","18083922806161775","5","0","0"
"694414","2026-06-02","Facebook","泰熙爾 札娜寶石學院 - 世界各式彩寶.原礦批發 - 代客切磨 . 教學     Tahir Zainab Gems & Rough of World","天然變彩白歐泊20260602g33fb","1","Reel","https://www.facebook.com/reel/973675622065940/","1627804834169159_1485248216948455","5","0","0"
"694413","2026-06-02","Instagram","tzgems666","天然變彩白歐泊20260602g33ig","1","Reel","https://www.instagram.com/reel/DZEcjL4zsxT/","18076337663296094","1","0","0"
"694298","2026-06-01","Facebook","泰熙爾 札娜寶石學院 - 世界各式彩寶.原礦批發 - 代客切磨 . 教學     Tahir Zainab Gems & Rough of World","母親節套組｜鴿血紅｜平替首選20260602g31fb","1","Reel","https://www.facebook.com/reel/1524755182570032/","1627804834169159_1485207830285827","0","0","0"
"694297","2026-06-01","Instagram","tzgems666","母親節套組｜鴿血紅｜平替首選20260602g31ig","2","Reel","https://www.instagram.com/reel/DZEVmUXTKgC/
https://www.instagram.com/reel/DZEVPJ7Su0Z/","18138081796541757
17949341430000781","1","0","0"
"694289","2026-06-01","Instagram","tzgems666","貔貅貼文","1","照片","https://www.instagram.com/p/DZCfDW6GrWa/","18251616373307298","7","0","0"
"694288","2026-06-01","Facebook","泰熙爾 札娜寶石學院 - 世界各式彩寶.原礦批發 - 代客切磨 . 教學     Tahir Zainab Gems & Rough of World","貔貅貼文","1","照片","https://www.facebook.com/681888940617724/posts/1484491143690829","1627804834169159_1484491143690829","2","0","0"
"694147","2026-06-01","Facebook","泰熙爾 札娜寶石學院 - 世界各式彩寶.原礦批發 - 代客切磨 . 教學     Tahir Zainab Gems & Rough of World","升值黑馬 阿富汗碧璽 3選一20260601g30fb","1","Reel","https://www.facebook.com/reel/3923638807930353/","1627804834169159_1484297083710235","28","0","0"
"694146","2026-06-01","Instagram","tzgems666","升值黑馬 阿富汗碧璽 3選一20260601g30ig","1","Reel","https://www.instagram.com/reel/DZB-AsnTfg0/","18073312133678967","9","0","0"
"694145","2026-06-01","Facebook","泰熙爾 札娜寶石學院 - 世界各式彩寶.原礦批發 - 代客切磨 . 教學     Tahir Zainab Gems & Rough of World","自帶光芒｜手鏈｜天然歐泊20260601g29fb","1","Reel","https://www.facebook.com/reel/2405643566585687/","1627804834169159_1484214707051806","41","0","0"
"694144","2026-06-01","Instagram","tzgems666","自帶光芒｜手鏈｜天然歐泊20260601g29ig","1","Reel","https://www.instagram.com/reel/DZBwRaZzjUP/","18444714739137474","0","0","0"
"693792","2026-05-30","Facebook","泰熙爾 札娜寶石學院 - 世界各式彩寶.原礦批發 - 代客切磨 . 教學     Tahir Zainab Gems & Rough of World","666招商","1","Reel","https://www.facebook.com/reel/1689129878957467/","1627804834169159_1482331953906748","26","0","0"
"693790","2026-05-30","Instagram","tzgems666","666招商","1","Reel","https://www.instagram.com/reel/DY8tkFXTmf3/","17928293121310652","2","0","0"
"693592","2026-05-29","Facebook","泰熙爾 札娜寶石學院 - 世界各式彩寶.原礦批發 - 代客切磨 . 教學     Tahir Zainab Gems & Rough of World","天然水晶八角形玫瑰切裸石20260529f54fb","1","Reel","https://www.facebook.com/reel/995051632892972/","1627804834169159_1481618567311420","202","0","0"
"693589","2026-05-29","Instagram","tzgems666","天然水晶八角形玫瑰切裸石20260529f54ig","1","Reel","https://www.instagram.com/reel/DY61-XrSThB/","18025394192827133","18","0","0"
"693576","2026-05-29","Facebook","泰熙爾 札娜寶石學院 - 世界各式彩寶.原礦批發 - 代客切磨 . 教學     Tahir Zainab Gems & Rough of World","紅寶石金曜橢圓耳釘20260529f56fb","1","Reel","https://www.facebook.com/reel/1338578561668742/","1627804834169159_1481635577309719","51","0","0"
"693573","2026-05-29","Instagram","tzgems666","紅寶石金曜橢圓耳釘20260529f56ig","1","Reel","https://www.instagram.com/reel/DY64vylye6O/","18087656822062824","2","0","0"
"693503","2026-05-29","Facebook","泰熙爾 札娜寶石學院 - 世界各式彩寶.原礦批發 - 代客切磨 . 教學     Tahir Zainab Gems & Rough of World","法式輕奢珍珠套組20260529f55fb","1","Reel","https://www.facebook.com/reel/1757587975612205/","1627804834169159_1481412050665405","11","0","0"
"693502","2026-05-29","Instagram","tzgems666","法式輕奢珍珠套組20260529f55ig","1","Reel","https://www.instagram.com/reel/DY6PWwKyeZu/","18103610893971681","1","0","0"
"692762","2026-05-27","Facebook","泰熙爾 札娜寶石學院 - 世界各式彩寶.原礦批發 - 代客切磨 . 教學     Tahir Zainab Gems & Rough of World","舒俱萊｜吊墜20260528g28fb","1","Reel","https://www.facebook.com/reel/1588173972656665/","1627804834169159_1480629784076965","10","0","0"
"692761","2026-05-27","Instagram","tzgems666","舒俱萊｜吊墜20260528g28ig","1","Reel","https://www.instagram.com/reel/DY4GUT7TmbI/","17973561471024520","1","0","0"
"692745","2026-05-27","Facebook","泰熙爾 札娜寶石學院 - 世界各式彩寶.原礦批發 - 代客切磨 . 教學     Tahir Zainab Gems & Rough of World","能量之王｜紫龍晶裸石20260528g27fb","1","Reel","https://www.facebook.com/reel/2282432138954973/","1627804834169159_1480391334100810","18","0","0"
"692744","2026-05-27","Instagram","tzgems666","能量之王｜紫龍晶裸石20260528g27ig","1","Reel","https://www.instagram.com/reel/DY3cE-sSAtq/","18101335238040969","1","0","0"
"692722","2026-05-27","Facebook","泰熙爾 札娜寶石學院 - 世界各式彩寶.原礦批發 - 代客切磨 . 教學     Tahir Zainab Gems & Rough of World","珠寶等級紫水晶限量登場20260527g26fb","1","Reel","https://www.facebook.com/reel/840845011977862/","1627804834169159_1479686090838001","40","0","0"
"692720","2026-05-27","Instagram","tzgems666","珠寶等級紫水晶限量登場20260527g26ig","1","Reel","https://www.instagram.com/reel/DY1hcqvTG7R/","17947219629171902","1","0","0"
"692642","2026-05-27","Facebook","泰熙爾 札娜寶石學院 - 世界各式彩寶.原礦批發 - 代客切磨 . 教學     Tahir Zainab Gems & Rough of World","天選三石，一生守護20260527g24fb","1","Reel","https://www.facebook.com/reel/1534927968000373/","1627804834169159_1479439107529366","35","0","0"
"692640","2026-05-27","Instagram","tzgems666","天選三石，一生守護20260527g24ig","1","Reel","https://www.instagram.com/reel/DY045SMToG6/","17925281028121983","0","0","0"
"692336","2026-05-26","Instagram","tzgems666","月映霧光｜灰月光手串 貼文","1","照片","https://www.instagram.com/p/DYy-LDNGurO/","18082573424400167","0","0","0"
"692335","2026-05-26","Facebook","泰熙爾 札娜寶石學院 - 世界各式彩寶.原礦批發 - 代客切磨 . 教學     Tahir Zainab Gems & Rough of World","月映霧光｜灰月光手串 貼文","1","照片","https://www.facebook.com/681888940617724/posts/1478725390934071","1627804834169159_1478725390934071","45","0","0"
"692289","2026-05-26","Instagram","tzgems666","星型花式切割｜耳釘 貼文","1","照片","https://www.instagram.com/p/DYy0QIaGLoE/","17890084956483972","5","0","0"
"692288","2026-05-26","Facebook","泰熙爾 札娜寶石學院 - 世界各式彩寶.原礦批發 - 代客切磨 . 教學     Tahir Zainab Gems & Rough of World","星型花式切割｜耳釘 貼文","1","照片","https://www.facebook.com/681888940617724/posts/1478669914272952","1627804834169159_1478669914272952","6","0","0"
"692063","2026-05-25","Facebook","泰熙爾 札娜寶石學院 - 世界各式彩寶.原礦批發 - 代客切磨 . 教學     Tahir Zainab Gems & Rough of World","Born Radiant 系列20260526g23fb","1","Reel","https://www.facebook.com/reel/1537664004749729/","1627804834169159_1478506464289297","1","0","0"
"692049","2026-05-25","Facebook","泰熙爾 札娜寶石學院 - 世界各式彩寶.原礦批發 - 代客切磨 . 教學     Tahir Zainab Gems & Rough of World","穿著Prada的惡魔220260526g22fb","1","Reel","https://www.facebook.com/reel/2065510190697831/","1627804834169159_1478717957601481","43","0","0"
"691983","2026-05-25","Facebook","泰熙爾 札娜寶石學院 - 世界各式彩寶.原礦批發 - 代客切磨 . 教學     Tahir Zainab Gems & Rough of World","十二星座寶石專屬指南20260525g21fb","2","Reel","https://www.facebook.com/reel/1030567509636226/
https://www.facebook.com/reel/2775634089502663/","1627804834169159_1477854614354482
1627804834169159_1477853611021249","100","0","0"
"691909","2026-05-25","Instagram","","招財之石｜金運石吊墜 20260525001ig","0","","","","0","0","0"
"691470","2026-05-23","Instagram","tzgems666","5/23中午招商","1","Reel","https://www.instagram.com/reel/DYqz5FRyPFs/","18032461670812027","0","0","0"
"691406","2026-05-22","Instagram","","天然橄欖石限時優惠","0","","","","0","0","0"
"691405","2026-05-22","Facebook","泰熙爾 札娜寶石學院 - 世界各式彩寶.原礦批發 - 代客切磨 . 教學     Tahir Zainab Gems & Rough of World","天然橄欖石限時優惠","1","照片","https://www.facebook.com/681888940617724/posts/1475419011264709","1627804834169159_1475419011264709","65","0","0"
"691308","2026-05-22","Facebook","泰熙爾 札娜寶石學院 - 世界各式彩寶.原礦批發 - 代客切磨 . 教學     Tahir Zainab Gems & Rough of World","綠色奇蹟祖母綠20260522f51fb","1","Reel","https://www.facebook.com/reel/1955307885106670/","1627804834169159_1475196667953610","71","0","0"
"691299","2026-05-22","Facebook","泰熙爾 札娜寶石學院 - 世界各式彩寶.原礦批發 - 代客切磨 . 教學     Tahir Zainab Gems & Rough of World","極光滿天星｜淡水珍珠套組20260522f53fb","1","Reel","https://www.facebook.com/reel/839132339259719/","1627804834169159_1475207564619187","11","0","0"
"691298","2026-05-22","Instagram","tzgems666","極光滿天星｜淡水珍珠套組20260522f53ig","1","Reel","https://www.instagram.com/reel/DYo744vyeFv/","18072761222438258","5","0","0"
"691279","2026-05-22","Facebook","泰熙爾 札娜寶石學院 - 世界各式彩寶.原礦批發 - 代客切磨 . 教學     Tahir Zainab Gems & Rough of World","黃鑽平替｜雷帝恩切工莫桑鑽耳針20260522f52fb","1","Reel","https://www.facebook.com/reel/976839915308346/","1627804834169159_1475178701288740","13","0","0"
"691277","2026-05-22","Instagram","tzgems666","黃鑽平替｜雷帝恩切工莫桑鑽耳針20260522f52ig","1","Reel","https://www.instagram.com/reel/DYo3k6CyJvx/","17948226017997004","2","0","0"
"691263","2026-05-22","Instagram","tzgems666","綠色奇蹟祖母綠20260522f51ig","1","Reel","https://www.instagram.com/reel/DYo6Aesy9BQ/","17996801198775809","12","0","0"
"691176","2026-05-22","Instagram","tzgems1111","黃鑽平替｜雷帝恩切工莫桑鑽耳針 貼文","1","照片","https://www.instagram.com/p/DYoeOaeGpF-/","17990431736971015","0","0","0"
"691175","2026-05-22","Facebook","泰熙爾 札娜寶石學院 - 世界各式彩寶.原礦批發 - 代客切磨 . 教學     Tahir Zainab Gems & Rough of World","黃鑽平替｜雷帝恩切工莫桑鑽耳針 貼文","1","照片","https://www.facebook.com/681888940617724/posts/1475045521302058","1627804834169159_1475045521302058","3","0","0"
"690920","2026-05-21","Instagram","tzgems1111","極光滿天星｜淡水珍珠套組","1","照片","https://www.instagram.com/p/DYmFUh4Gv7U/","18093864650239392","1","0","0"
"690919","2026-05-21","Facebook","泰熙爾 札娜寶石學院 - 世界各式彩寶.原礦批發 - 代客切磨 . 教學     Tahir Zainab Gems & Rough of World","極光滿天星｜淡水珍珠套組","1","照片","https://www.facebook.com/681888940617724/posts/1474182004721743","1627804834169159_1474182004721743","9","0","0"
"690918","2026-05-21","Instagram","tzgems1111","綠色奇蹟","1","照片","https://www.instagram.com/p/DYmF8Tvmj9E/","17928741555278281","10","0","0"
"690917","2026-05-21","Facebook","泰熙爾 札娜寶石學院 - 世界各式彩寶.原礦批發 - 代客切磨 . 教學     Tahir Zainab Gems & Rough of World","綠色奇蹟","1","照片","https://www.facebook.com/681888940617724/posts/1474185051388105","1627804834169159_1474185051388105","33","0","0"
"690526","2026-05-20","Instagram","tzgems1111","寵粉裸石 貼文","1","照片","https://www.instagram.com/p/DYjjMgOGryk/","17888975043509115","2","0","0"
"690525","2026-05-20","Facebook","泰熙爾 札娜寶石學院 - 世界各式彩寶.原礦批發 - 代客切磨 . 教學     Tahir Zainab Gems & Rough of World","寵粉裸石 貼文","1","照片","https://www.facebook.com/681888940617724/posts/1473312738142003","1627804834169159_1473312738142003","0","0","0"
"690524","2026-05-20","Instagram","tzgems1111","預購耳飾 貼文","1","照片","https://www.instagram.com/p/DYjkX1fGjnf/","18049446773529126","14","0","0"
"690523","2026-05-20","Facebook","泰熙爾 札娜寶石學院 - 世界各式彩寶.原礦批發 - 代客切磨 . 教學     Tahir Zainab Gems & Rough of World","預購耳飾 貼文","1","照片","https://www.facebook.com/681888940617724/posts/1473319431474667","1627804834169159_1473319431474667","8","0","0"
"690240","2026-05-19","Instagram","tzgems1111","大顆晶體｜閃靈油膽 貼文","1","照片","https://www.instagram.com/p/DYeeO88GrZ_/","18124718482716869","0","0","0"
"690238","2026-05-19","Facebook","泰熙爾 札娜寶石學院 - 世界各式彩寶.原礦批發 - 代客切磨 . 教學     Tahir Zainab Gems & Rough of World","大顆晶體｜閃靈油膽 貼文","1","照片","https://www.facebook.com/681888940617724/posts/1471439484995995","1627804834169159_1471439484995995","36","0","0"
"690235","2026-05-19","Facebook","泰熙爾 札娜寶石學院 - 世界各式彩寶.原礦批發 - 代客切磨 . 教學     Tahir Zainab Gems & Rough of World","帝王拓帕石系列｜裸石 ｜寵粉20260601g20fb","1","Reel","https://www.facebook.com/reel/1570322494459163/","1627804834169159_1484256353714308","152","0","0"
"690234","2026-05-19","Instagram","tzgems666","帝王拓帕石系列｜裸石 ｜寵粉20260601g20ig","1","Reel","https://www.instagram.com/reel/DZB3KnJzUTC/","18015626018852937","14","0","0"
"690222","2026-05-19","Facebook","泰熙爾 札娜寶石學院 - 世界各式彩寶.原礦批發 - 代客切磨 . 教學     Tahir Zainab Gems & Rough of World","彩寶｜雙石戒指20260531g19fb","1","Reel","https://www.facebook.com/reel/1550754646676075/","1627804834169159_1483302317143045","24","0","0"
"690219","2026-05-19","Instagram","tzgems666","彩寶｜雙石戒指20260531g19ig","1","Reel","https://www.instagram.com/reel/DY_SVLyzPP-/","18097537304237162","3","0","0"
"690205","2026-05-19","Facebook","泰熙爾 札娜寶石學院 - 世界各式彩寶.原礦批發 - 代客切磨 . 教學     Tahir Zainab Gems & Rough of World","倫敦藍拓帕｜方枕型裸石20260530g18fb","1","Reel","https://www.facebook.com/reel/1006097875139754/","1627804834169159_1482331863906757","197","0","0"
"690202","2026-05-19","Instagram","tzgems666","倫敦藍拓帕｜方枕型裸石20260530g18ig","1","Reel","https://www.instagram.com/reel/DY6IwtZz2Ui/","17877584511603202","21","0","0"
"690198","2026-05-19","Facebook","泰熙爾 札娜寶石學院 - 世界各式彩寶.原礦批發 - 代客切磨 . 教學     Tahir Zainab Gems & Rough of World","小資奢華｜綠透輝耳釘20260529g17fb","1","Reel","https://www.facebook.com/reel/3210386212489053/","1627804834169159_1481376167335660","6","0","0"
"690197","2026-05-19","Instagram","tzgems666","小資奢華｜綠透輝耳釘20260529g17ig","1","Reel","https://www.instagram.com/reel/DY8tipPzcFG/","18023858918660138","0","0","0"
"690192","2026-05-19","Facebook","泰熙爾 札娜寶石學院 - 世界各式彩寶.原礦批發 - 代客切磨 . 教學     Tahir Zainab Gems & Rough of World","紫黃晶｜裸石20260528g16fb","1","Reel","https://www.facebook.com/reel/1002293972152239/","1627804834169159_1480431740763436","133","0","0"
"690190","2026-05-19","Instagram","tzgems666","紫黃晶｜裸石20260528g16ig","1","Reel","https://www.instagram.com/reel/DY3j5V7zj0E/","18231512821312586","4","0","0"
"690185","2026-05-19","Facebook","泰熙爾 札娜寶石學院 - 世界各式彩寶.原礦批發 - 代客切磨 . 教學     Tahir Zainab Gems & Rough of World","蕭邦同款｜彩寶可開關寶盒｜吊墜20260527g15fb","1","Reel","https://www.facebook.com/reel/879782265142000/","1627804834169159_1479478440858766","50","0","0"
"690184","2026-05-19","Instagram","tzgems666","蕭邦同款｜彩寶可開關寶盒｜吊墜20260527g15ig","1","Reel","https://www.instagram.com/reel/DY0_JuGzDmy/","17903642019426002","1","0","0"
"690182","2026-05-19","Facebook","泰熙爾 札娜寶石學院 - 世界各式彩寶.原礦批發 - 代客切磨 . 教學     Tahir Zainab Gems & Rough of World","斑彩菊石｜吊墜｜寵粉20260526g14fb","1","Reel","https://www.facebook.com/reel/4275581862755518/","1627804834169159_1478541770952433","0","0","0"
"690180","2026-05-19","Instagram","tzgems666","斑彩菊石｜吊墜｜寵粉20260526g14ig","1","Reel","https://www.instagram.com/reel/DYyaZrkzSKo/","18095907637915550","0","0","0"
"690173","2026-05-19","Facebook","泰熙爾 札娜寶石學院 - 世界各式彩寶.原礦批發 - 代客切磨 . 教學     Tahir Zainab Gems & Rough of World","貴族之石｜粉紅碧璽20260525g13fb","2","Reel","https://www.facebook.com/reel/972411678740190/
https://www.facebook.com/reel/1031438176277168/","1627804834169159_1477672487706028
1627804834169159_1477681821038428","38","0","0"
"690169","2026-05-19","Instagram","","貴族之石｜粉紅碧璽20260525g13ig","0","","","","0","0","0"
"690166","2026-05-19","Facebook","泰熙爾 札娜寶石學院 - 世界各式彩寶.原礦批發 - 代客切磨 . 教學     Tahir Zainab Gems & Rough of World","｜茶鈦晶｜寵粉限定20260524g12fb","1","Reel","https://www.facebook.com/reel/965185736368088/","1627804834169159_1476751214464822","152","0","0"
"690165","2026-05-19","Instagram","","｜茶鈦晶｜寵粉限定20260524g12ig","0","","","","0","0","0"
"690162","2026-05-19","Facebook","泰熙爾 札娜寶石學院 - 世界各式彩寶.原礦批發 - 代客切磨 . 教學     Tahir Zainab Gems & Rough of World","塔級｜粉尖晶20260523g11fb","1","Reel","https://www.facebook.com/reel/1581549986634478/","1627804834169159_1475812461225364","43","0","0"
"690161","2026-05-19","Instagram","","塔級｜粉尖晶20260523g11ig","0","","","","0","0","0"
"690157","2026-05-19","Facebook","泰熙爾 札娜寶石學院 - 世界各式彩寶.原礦批發 - 代客切磨 . 教學     Tahir Zainab Gems & Rough of World","天然寶石｜祖母綠系列20260522g10fb","1","Reel","https://www.facebook.com/reel/1885083868777713/","1627804834169159_1474927711313839","46","0","0"
"690156","2026-05-19","Instagram","tzgems1111","天然寶石｜祖母綠系列20260522g10ig","1","Reel","https://www.instagram.com/reel/DYoHMaNyHtz/","17885379096394549","10","0","0"
"690067","2026-05-19","Instagram","tzgems1111","斯利蘭卡 無燒 藍寶 貼文","1","照片","https://www.instagram.com/p/DYeeHnzgUVT/","18340006963220296","1","0","0"
"690066","2026-05-19","Facebook","泰熙爾 札娜寶石學院 - 世界各式彩寶.原礦批發 - 代客切磨 . 教學     Tahir Zainab Gems & Rough of World","斯利蘭卡 無燒 藍寶 貼文","1","照片","https://www.facebook.com/681888940617724/posts/1472057404934203","1627804834169159_1472057404934203","99","0","0"
"690064","2026-05-19","Instagram","tzgems1111","無燒 teal 藍寶石 貼文","1","照片","https://www.instagram.com/p/DYeekgWjKjq/","18019921982832073","6","0","0"
"690063","2026-05-19","Facebook","泰熙爾 札娜寶石學院 - 世界各式彩寶.原礦批發 - 代客切磨 . 教學     Tahir Zainab Gems & Rough of World","無燒 teal 藍寶石 貼文","1","照片","https://www.facebook.com/681888940617724/posts/1472061991600411","1627804834169159_1472061991600411","52","0","0"
"689982","2026-05-18","Facebook","泰熙爾 札娜寶石學院 - 世界各式彩寶.原礦批發 - 代客切磨 . 教學     Tahir Zainab Gems & Rough of World","財富能量| 黃鐵礦20260521g09fb","1","Reel","https://www.facebook.com/reel/966792909594409/","1627804834169159_1474008151405795","75","0","0"
"689980","2026-05-18","Instagram","tzgems1111","財富能量| 黃鐵礦20260521g09ig","1","Reel","https://www.instagram.com/reel/DYliYuqSICw/","18599367451040500","1","0","0"
"689944","2026-05-18","Facebook","","POST 2026/05/18 16:56","0","","","","0","0","0"
"689463","2026-05-15","Facebook","泰熙爾 札娜寶石學院 - 世界各式彩寶.原礦批發 - 代客切磨 . 教學     Tahir Zainab Gems & Rough of World","5/16招商","2","Reel","https://www.facebook.com/reel/1515002573579266/
https://www.facebook.com/reel/970000355925746/","1627804834169159_1469435298529747
1627804834169159_1475812487892028","49","0","0"
"689462","2026-05-15","Instagram","tzgems1111","5/16中午招商","1","Reel","https://www.instagram.com/reel/DYYqXrWyaDY/","18411115753183221","18","0","0"
"689357","2026-05-15","Facebook","泰熙爾 札娜寶石學院 - 世界各式彩寶.原礦批發 - 代客切磨 . 教學     Tahir Zainab Gems & Rough of World","藍色系寶石20260515f50fb","2","Reel / 照片","https://www.facebook.com/reel/3361843723999865/
https://www.facebook.com/681888940617724/posts/1472312081575402","1627804834169159_1468799435260000
1627804834169159_1472312081575402","88","0","0"
"689355","2026-05-15","Instagram","tzgems1111","藍色系寶石20260515f50ig","2","Reel / 照片","https://www.instagram.com/reel/DYW29TPs22F/
https://www.instagram.com/p/DYg3MK9FXyV/","18447419854114172
18085689938560583","35","0","0"
"689352","2026-05-15","Facebook","泰熙爾 札娜寶石學院 - 世界各式彩寶.原礦批發 - 代客切磨 . 教學     Tahir Zainab Gems & Rough of World","MBTI能量寶石20260515f48fb","2","Reel / 照片","https://www.facebook.com/reel/956679696986054/
https://www.facebook.com/681888940617724/posts/1472309324909011","1627804834169159_1468792028594074
1627804834169159_1472309324909011","66","0","0"
"689349","2026-05-15","Instagram","tzgems1111","MBTI能量寶石20260515f48ig","2","Reel / 照片","https://www.instagram.com/reel/DYW15L3MQsQ/
https://www.instagram.com/p/DYg2u9TDps-/","17948526195159695
18098095927883984","11","0","0"
"689305","2026-05-15","Facebook","泰熙爾 札娜寶石學院 - 世界各式彩寶.原礦批發 - 代客切磨 . 教學     Tahir Zainab Gems & Rough of World","阿斯切｜薰衣草水晶裸石20260515f49fb","2","Reel / 照片","https://www.facebook.com/reel/1700136474748109/
https://www.facebook.com/681888940617724/posts/1472331484906795","1627804834169159_1468774541929156
1627804834169159_1472331484906795","405","0","0"
"689303","2026-05-15","Instagram","tzgems1111","阿斯切｜薰衣草水晶裸石20260515f49ig","2","Reel / 照片","https://www.instagram.com/reel/DYWzDABMJ4M/
https://www.instagram.com/p/DYg4kQhkr8d/","17981180903992117
18115140535810356","89","0","0"
"689298","2026-05-15","Facebook","泰熙爾 札娜寶石學院 - 世界各式彩寶.原礦批發 - 代客切磨 . 教學     Tahir Zainab Gems & Rough of World","520對戒系列20260515f47fb","1","Reel","https://www.facebook.com/reel/1549028883412585/","1627804834169159_1468722421934368","32","0","0"
"689297","2026-05-15","Instagram","tzgems1111","520對戒系列20260515f47ig","1","Reel","https://www.instagram.com/reel/DYWpR8Ws6Fj/","18584837476063992","8","0","0"
"689286","2026-05-15","Facebook","泰熙爾 札娜寶石學院 - 世界各式彩寶.原礦批發 - 代客切磨 . 教學     Tahir Zainab Gems & Rough of World","爆款彩色｜尖晶石20260520g08fb","1","Reel","https://www.facebook.com/reel/26969383239348414/","1627804834169159_1473115381495072","57","0","0"
"689079","2026-05-14","Instagram","tzgems1111","爆款彩色｜尖晶石20260520g08ig","1","Reel","https://www.instagram.com/reel/DYi9lAfSs3s/","18392838322094424","13","0","0"
"689063","2026-05-14","Facebook","泰熙爾 札娜寶石學院 - 世界各式彩寶.原礦批發 - 代客切磨 . 教學     Tahir Zainab Gems & Rough of World","【限時寵粉價｜人氣寶石三位數入手🔥】20260519g07fb","1","Reel","https://www.facebook.com/reel/1670579874213078/","1627804834169159_1472146261591984","48","0","0"
"689061","2026-05-14","Instagram","tzgems1111","【限時寵粉價｜人氣寶石三位數入手🔥】20260519g07ig","1","Reel","https://www.instagram.com/reel/DYgYvUSS-Re/","18132182440566500","6","0","0"
"689035","2026-05-14","Facebook","泰熙爾 札娜寶石學院 - 世界各式彩寶.原礦批發 - 代客切磨 . 教學     Tahir Zainab Gems & Rough of World","百萬玻璃種翡翠平替｜水沫子平安扣20260514f46fb","1","Reel","https://www.facebook.com/reel/2232504037560684/","1627804834169159_1467825898690687","27","0","0"
"689032","2026-05-14","Instagram","tzgems1111","百萬玻璃種翡翠平替｜水沫子平安扣20260514f46ig","1","Reel","https://www.instagram.com/reel/DYUGoRjy7OB/","17897221296448806","7","0","0"
"688342","2026-05-12","Facebook","泰熙爾 札娜寶石學院 - 世界各式彩寶.原礦批發 - 代客切磨 . 教學     Tahir Zainab Gems & Rough of World","五行不夠，首飾來湊20260518g06fb","1","Reel","https://www.facebook.com/reel/1655826648974807/","1627804834169159_1471212428352034","77","0","0"
"688339","2026-05-12","Instagram","tzgems1111","五行不夠，首飾來湊20260518g06ig","1","Reel","https://www.instagram.com/reel/DYd0CNwyJzK/","18009710390714007","6","0","0"
"688333","2026-05-12","Facebook","泰熙爾 札娜寶石學院 - 世界各式彩寶.原礦批發 - 代客切磨 . 教學     Tahir Zainab Gems & Rough of World","橄欖石黑碧璽｜裸石20260517g05fb","1","Reel","https://www.facebook.com/reel/27389678890629572/","1627804834169159_1470323991774211","66","0","0"
"688332","2026-05-12","Instagram","tzgems1111","橄欖石黑碧璽｜裸石20260517g05ig","1","Reel","https://www.instagram.com/reel/DYbPPSwT3xd/","18077073149217163","24","0","0"
"688325","2026-05-12","Facebook","泰熙爾 札娜寶石學院 - 世界各式彩寶.原礦批發 - 代客切磨 . 教學     Tahir Zainab Gems & Rough of World","限量盲盒 · 蓮花色雙寶20260516g04fb","1","Reel","https://www.facebook.com/reel/3933979636738099/","1627804834169159_1469435625196381","91","82","10000"
"688323","2026-05-12","Instagram","tzgems1111","限量盲盒 · 蓮花色雙寶20260516g04ig","1","Reel","https://www.instagram.com/reel/DYYqXn9yalO/","17914719699180347","15","0","0"
"688318","2026-05-12","Facebook","泰熙爾 札娜寶石學院 - 世界各式彩寶.原礦批發 - 代客切磨 . 教學     Tahir Zainab Gems & Rough of World","寵粉彩藍寶有錢花戒指20260515g03fb","1","Reel","https://www.facebook.com/reel/959513710127974/","1627804834169159_1468527108620566","4","0","0"
"688314","2026-05-12","Instagram","tzgems1111","寵粉彩藍寶有錢花戒指20260515g03ig","1","Reel","https://www.instagram.com/reel/DYWFpuUygBP/","18077116916224999","8","0","0"
"688310","2026-05-12","Facebook","泰熙爾 札娜寶石學院 - 世界各式彩寶.原礦批發 - 代客切磨 . 教學     Tahir Zainab Gems & Rough of World","天然變彩歐泊墜飾20260514g02fb","1","Reel","https://www.facebook.com/reel/1738294600487809/","1627804834169159_1467624422044168","18","0","0"
"688301","2026-05-12","Instagram","tzgems1111","天然變彩歐泊墜飾20260514g02ig","1","Reel","https://www.instagram.com/reel/DYTg1mJygST/","18210508321328451","6","0","0"
"688289","2026-05-12","Facebook","泰熙爾 札娜寶石學院 - 世界各式彩寶.原礦批發 - 代客切磨 . 教學     Tahir Zainab Gems & Rough of World","16石💎寵粉戒指💎20260513g01fb","1","Reel","https://www.facebook.com/reel/1504016064571161/","1627804834169159_1466717178801559","13","0","0"
"688286","2026-05-12","Instagram","tzgems1111","16石💎寵粉戒指💎20260513g01ig","1","Reel","https://www.instagram.com/reel/DYQ7_3JSNB8/","17887823418377834","3","0","0"
"688189","2026-05-12","Facebook","泰熙爾 札娜寶石學院 - 世界各式彩寶.原礦批發 - 代客切磨 . 教學     Tahir Zainab Gems & Rough of World","5/2舊片招商","1","Reel","https://www.facebook.com/reel/1130282035930544/","1627804834169159_1457051576434786","48","0","0"
"688185","2026-05-12","Instagram","tzgems1111","5/2舊片招商","1","Reel","https://www.instagram.com/reel/DX075OszjRA/","18358764757237078","0","0","0"
"687422","2026-05-08","Facebook","泰熙爾 札娜寶石學院 - 世界各式彩寶.原礦批發 - 代客切磨 . 教學     Tahir Zainab Gems & Rough of World","520對戒20260508f43fb","2","Reel / 照片","https://www.facebook.com/reel/1907964949918696/
https://www.facebook.com/681888940617724/posts/1472380348235242","1627804834169159_1462536659219611
1627804834169159_1472380348235242","62","0","0"
"687420","2026-05-08","Instagram","tzgems1111","520對戒20260508f43ig","2","Reel / 照片","https://www.instagram.com/reel/DYE4_YgMceO/
https://www.instagram.com/p/DYhB62NGsaq/","17939117532212500
18086894765577059","31","0","0"
"687374","2026-05-08","Facebook","泰熙爾 札娜寶石學院 - 世界各式彩寶.原礦批發 - 代客切磨 . 教學     Tahir Zainab Gems & Rough of World","靈域之光｜閃靈油膽手鏈20260508f45fb","1","Reel","https://www.facebook.com/reel/1448111353822208/","1627804834169159_1462503512556259","467","0","0"
"687373","2026-05-08","Instagram","tzgems1111","靈域之光｜閃靈油膽手鏈20260508f45ig","1","Reel","https://www.instagram.com/reel/DYEy3SyM84R/","18092265139960973","140","0","0"
"687366","2026-05-08","Facebook","泰熙爾 札娜寶石學院 - 世界各式彩寶.原礦批發 - 代客切磨 . 教學     Tahir Zainab Gems & Rough of World","月影秘語｜灰月光拉長石牌子20260508f44fb","1","Reel","https://www.facebook.com/reel/1684234236090736/","1627804834169159_1462477912558819","54","0","0"
"687364","2026-05-08","Instagram","tzgems1111","月影秘語｜灰月光拉長石牌子20260508f44ig","1","Reel","https://www.instagram.com/reel/DYEuvidMLFg/","18194202823363273","14","0","0"
"687107","2026-05-07","Facebook","泰熙爾 札娜寶石學院 - 世界各式彩寶.原礦批發 - 代客切磨 . 教學     Tahir Zainab Gems & Rough of World","珠寶等級紫水晶限量登場20260512g99fb","1","Reel","https://www.facebook.com/reel/834508439252141/","1627804834169159_1465816655558278","140","0","0"
"687105","2026-05-07","Instagram","tzgems1111","珠寶等級紫水晶限量登場20260512g99ig","1","Reel","https://www.instagram.com/reel/DYOXRhHSBEw/","18142931524453569","52","0","0"
"687101","2026-05-07","Facebook","泰熙爾 札娜寶石學院 - 世界各式彩寶.原礦批發 - 代客切磨 . 教學     Tahir Zainab Gems & Rough of World","限量坦桑石20260511g98fb","1","Reel","https://www.facebook.com/reel/2485198338568357/","1627804834169159_1464938962312714","54","0","0"
"687099","2026-05-07","Instagram","tzgems1111","限量坦桑石20260511g98ig","1","Reel","https://www.instagram.com/reel/DYLyYO0yAR4/","17929767270086058","12","0","0"
"687094","2026-05-07","Facebook","泰熙爾 札娜寶石學院 - 世界各式彩寶.原礦批發 - 代客切磨 . 教學     Tahir Zainab Gems & Rough of World","招財旺事業｜平步青雲&綠幽靈｜手串20260510g97fb","1","Reel","https://www.facebook.com/reel/1777886130254759/","1627804834169159_1464038849069392","188","0","0"
"687093","2026-05-07","Instagram","tzgems1111","招財旺事業｜平步青雲&綠幽靈｜手串20260510g97ig","1","Reel","https://www.instagram.com/reel/DYJNo26yyAk/","17955648879133440","12","0","0"
"687080","2026-05-07","Facebook","泰熙爾 札娜寶石學院 - 世界各式彩寶.原礦批發 - 代客切磨 . 教學     Tahir Zainab Gems & Rough of World","天然琥珀｜能量守護選品20260509g96fb","1","Reel","https://www.facebook.com/reel/953022430832202/","1627804834169159_1463146015825342","211","0","0"
"687075","2026-05-07","Instagram","tzgems1111","天然琥珀｜能量守護選品20260509g96ig","1","Reel","https://www.instagram.com/reel/DYGo5BwS7Ve/","17873294280605366","25","0","0"
"686926","2026-05-07","Instagram","tzgems1111","天然變彩白歐泊20260507g94ig","1","Reel","https://www.instagram.com/reel/DYBfTg_StA4/","18049042016750312","16","0","0"
"686556","2026-05-06","Facebook","泰熙爾 札娜寶石學院 - 世界各式彩寶.原礦批發 - 代客切磨 . 教學     Tahir Zainab Gems & Rough of World","直播預告寵粉群","1","Reel","https://www.facebook.com/reel/1536080201282985/","1627804834169159_1460677859405491","141","0","0"
"686555","2026-05-06","Instagram","tzgems1111","直播預告寵粉群","1","Reel","https://www.instagram.com/reel/DX_rU9ZsUMA/","17859374676633634","13","0","0"
"686497","2026-05-06","Facebook","泰熙爾 札娜寶石學院 - 世界各式彩寶.原礦批發 - 代客切磨 . 教學     Tahir Zainab Gems & Rough of World","母親節套組｜鴿血紅｜平替首選20260506f42fb","1","Reel","https://www.facebook.com/reel/1973217906895873/","1627804834169159_1460484399424837","24","0","0"
"686495","2026-05-06","Instagram","tzgems1111","母親節套組｜鴿血紅｜平替首選20260506f42ig","1","Reel","https://www.instagram.com/reel/DX_IRvWsJhx/","18181542772376541","4","0","0"
"685980","2026-05-04","Facebook","泰熙爾 札娜寶石學院 - 世界各式彩寶.原礦批發 - 代客切磨 . 教學     Tahir Zainab Gems & Rough of World","太陽之石｜橄欖石｜手鍊20260508g95fb","1","Reel","https://www.facebook.com/reel/964537213107656/","1627804834169159_1462261505913793","148","0","0"
"685978","2026-05-04","Instagram","tzgems1111","太陽之石｜橄欖石｜手鍊20260508g95ig","1","Reel","https://www.instagram.com/reel/DYEEEo0y4EW/","18088233017593320","23","0","0"
"685977","2026-05-04","Facebook","泰熙爾 札娜寶石學院 - 世界各式彩寶.原礦批發 - 代客切磨 . 教學     Tahir Zainab Gems & Rough of World","天然變彩白歐泊20260507g94fb","1","Reel","https://www.facebook.com/reel/1841116836557541/","1627804834169159_1461311036008840","21","0","0"
"685975","2026-05-04","Instagram","tzgems1111","天然變彩白歐泊20260507g94ig","1","Reel","https://www.instagram.com/reel/DYBfTg_StA4/","18049042016750312","8","0","0"
"685968","2026-05-04","Facebook","泰熙爾 札娜寶石學院 - 世界各式彩寶.原礦批發 - 代客切磨 . 教學     Tahir Zainab Gems & Rough of World","限量放漏(藍晶石、紅寶石、天空藍托帕石)20260506g93fb","1","Reel","https://www.facebook.com/reel/2744523959238602/","1627804834169159_1460415436098400","41","0","0"
"685966","2026-05-04","Instagram","tzgems1111","限量放漏(藍晶石、紅寶石、天空藍托帕石)20260506g93ig","1","Reel","https://www.instagram.com/reel/DX-6cC6ypiV/","17977045566040438","6","0","0"
"685958","2026-05-04","Facebook","泰熙爾 札娜寶石學院 - 世界各式彩寶.原礦批發 - 代客切磨 . 教學     Tahir Zainab Gems & Rough of World","升值黑馬 阿富汗碧璽 3選一(我要)20260505g92fb","1","Reel","https://www.facebook.com/reel/2027719584763163/","1627804834169159_1459539686185975","97","0","0"
"685956","2026-05-04","Instagram","tzgems1111","升值黑馬 阿富汗碧璽 3選一(我要)20260505g92ig","1","Reel","https://www.instagram.com/reel/DX8VswQS2fF/","18066245798341010","45","0","0"
"685900","2026-05-04","Facebook","泰熙爾 札娜寶石學院 - 世界各式彩寶.原礦批發 - 代客切磨 . 教學     Tahir Zainab Gems & Rough of World","自帶光芒｜手鏈｜天然歐泊20260504g91fb","1","Reel","https://www.facebook.com/reel/1878143446220097/","1627804834169159_1458674916272452","79","0","0"
"685897","2026-05-04","Instagram","tzgems1111","自帶光芒｜手鏈｜天然歐泊20260504g91ig","1","Reel","https://www.instagram.com/reel/DX5w3a7yVQW/","18120202501735077","24","0","0"
"685468","2026-05-01","Facebook","泰熙爾 札娜寶石學院 - 世界各式彩寶.原礦批發 - 代客切磨 . 教學     Tahir Zainab Gems & Rough of World","Born Radiant系列(天生耀眼)20260502f41fb","1","Reel","https://www.facebook.com/reel/1500229691484387/","1627804834169159_1456942769779000","46","0","0"
"685467","2026-05-01","Instagram","tzgems1111","Born Radiant 系列(天生耀眼)20260502f41ig","1","Reel","https://www.instagram.com/reel/DX0nSz_zGp-/","18098677016120766","7","0","0"
"685466","2026-05-01","Facebook","泰熙爾 札娜寶石學院 - 世界各式彩寶.原礦批發 - 代客切磨 . 教學     Tahir Zainab Gems & Rough of World","穿著普拉達的惡魔20260502f40fb","1","Reel","https://www.facebook.com/reel/1483391286500545/","1627804834169159_1456942736445670","308","0","0"
"685464","2026-05-01","Instagram","tzgems1111","穿著prada的惡魔20260502f40ig","1","Reel","https://www.instagram.com/reel/DX0nT2dzALC/","18575694277009467","158","0","0"
"685236","2026-04-30","Facebook","泰熙爾 札娜寶石學院 - 世界各式彩寶.原礦批發 - 代客切磨 . 教學     Tahir Zainab Gems & Rough of World","十二星座寶石專屬指南 20260501f42fb","1","Reel","https://www.facebook.com/reel/769488392912429/","1627804834169159_1456028333203777","111","0","0"
"685235","2026-04-30","Instagram","tzgems1111","十二星座寶石專屬指南 20260501f42ig","1","Reel","https://www.instagram.com/reel/DXyCfLNSxd7/","18093309229919164","261","0","0"
"685102","2026-04-30","Facebook","泰熙爾 札娜寶石學院 - 世界各式彩寶.原礦批發 - 代客切磨 . 教學     Tahir Zainab Gems & Rough of World","boss生日20260430f39fb","1","Reel","https://www.facebook.com/reel/1769058097811088/","1627804834169159_1455377763268834","1051","0","0"
"685100","2026-04-30","Instagram","tzgems1111","boss生日20260430f39ig","1","Reel","https://www.instagram.com/reel/DXwLQmlJBqz/","17993915882778870","230","0","0"
"685095","2026-04-30","Facebook","泰熙爾 札娜寶石學院 - 世界各式彩寶.原礦批發 - 代客切磨 . 教學     Tahir Zainab Gems & Rough of World","天空藍托帕 彩虹灰月光 芬達石柳石20260430f38fb","1","Reel","https://www.facebook.com/reel/842634435371875/","1627804834169159_1455371486602795","432","0","0"
"685092","2026-04-30","Instagram","tzgems1111","天空藍托帕 彩虹灰月光 芬達石柳石20260430f38ig","1","Reel","https://www.instagram.com/reel/DXwKCFjp9ED/","18200689852349634","121","0","0"
"685087","2026-04-30","Facebook","泰熙爾 札娜寶石學院 - 世界各式彩寶.原礦批發 - 代客切磨 . 教學     Tahir Zainab Gems & Rough of World","綠意財富｜天然胖三角綠水晶裸石20260430f37fb","1","Reel","https://www.facebook.com/reel/950364297880185/","1627804834169159_1455364066603537","110","0","0"
"685085","2026-04-30","Instagram","tzgems1111","綠意財富｜天然胖三角綠水晶裸石20260430f37ig","1","Reel","https://www.instagram.com/reel/DXwI3bCJGL-/","18062422460424528","28","0","0"
"685027","2026-04-30","Facebook","泰熙爾 札娜寶石學院 - 世界各式彩寶.原礦批發 - 代客切磨 . 教學     Tahir Zainab Gems & Rough of World","舒俱萊｜吊墜20260503g90fb","1","Reel","https://www.facebook.com/reel/2200644250708447/","1627804834169159_1457814029691874","108","0","0"
"685026","2026-04-30","Instagram","tzgems1111","舒俱萊｜吊墜20260503g90ig","1","Reel","https://www.instagram.com/reel/DX3MFEpTgBN/","18082906328379345","21","0","0"
"685021","2026-04-30","Facebook","泰熙爾 札娜寶石學院 - 世界各式彩寶.原礦批發 - 代客切磨 . 教學     Tahir Zainab Gems & Rough of World","夢幻龍紋｜紫龍晶20260503g89fb","1","Reel","https://www.facebook.com/reel/970179369065330/","1627804834169159_1457814083025202","26","0","0"
"685016","2026-04-30","Instagram","tzgems1111","夢幻龍紋｜紫龍晶20260503g89ig","1","Reel","https://www.instagram.com/reel/DX3MEguzlG1/","18064678049402899","1","0","0"
"685013","2026-04-30","Facebook","泰熙爾 札娜寶石學院 - 世界各式彩寶.原礦批發 - 代客切磨 . 教學     Tahir Zainab Gems & Rough of World","夢幻組合 紫水晶吊墜 藍月光耳釘20260502g88fb","1","Reel","https://www.facebook.com/reel/1299817488878471/","1627804834169159_1456942536445690","31","0","0"
"685007","2026-04-30","Instagram","tzgems1111","夢幻組合 紫水晶吊墜 藍月光耳釘20260502g88ig","1","Reel","https://www.instagram.com/reel/DX0nVREzKIi/","18007627949910156","5","0","0"
"685004","2026-04-30","Facebook","泰熙爾 札娜寶石學院 - 世界各式彩寶.原礦批發 - 代客切磨 . 教學     Tahir Zainab Gems & Rough of World","天選三石｜一生守護20260502g87fb","1","Reel","https://www.facebook.com/reel/1005268672175562/","1627804834169159_1456942379779039","66","0","0"
"685003","2026-04-30","Instagram","tzgems1111","天選三石｜一生守護20260502g87ig","1","Reel","https://www.instagram.com/reel/DX0nRxhTx_z/","18104116411755060","16","0","0"
"684984","2026-04-30","Facebook","泰熙爾 札娜寶石學院 - 世界各式彩寶.原礦批發 - 代客切磨 . 教學     Tahir Zainab Gems & Rough of World","招財之石｜金運石吊墜20260501g86fb","1","Reel","https://www.facebook.com/reel/1544936643722271/","1627804834169159_1456028306537113","72","0","0"
"684983","2026-04-30","Instagram","tzgems1111","招財之石｜金運石吊墜20260501g86ig","2","Reel","https://www.instagram.com/reel/DXyCb2dyjeB/
https://www.instagram.com/reel/DXyEbCeM8oR/","17996705537929810
18069595058662385","20","0","0"
"684932","2026-04-30","Facebook","泰熙爾 札娜寶石學院 - 世界各式彩寶.原礦批發 - 代客切磨 . 教學     Tahir Zainab Gems & Rough of World","黑金超七｜項鏈（星輝骨幹）20260430g85fb","1","Reel","https://www.facebook.com/reel/1227153256163261/","1627804834169159_1455138283292782","132","0","0"
"684929","2026-04-30","Instagram","tzgems1111","黑金超七｜項鏈（星輝骨幹）20260430g85ig","1","Reel","https://www.instagram.com/reel/DXvdvGvySFb/","18088999703600578","33","0","0"
"684487","2026-04-29","Facebook","泰熙爾 札娜寶石學院 - 世界各式彩寶.原礦批發 - 代客切磨 . 教學     Tahir Zainab Gems & Rough of World","愛情的味道｜手鏈20260429g84fb","1","Reel","https://www.facebook.com/reel/857612570711897/","1627804834169159_1454173006722643","54","0","0"
"684485","2026-04-29","Instagram","tzgems1111","愛情的味道｜手鏈20260429g84ig","1","Reel","https://www.instagram.com/reel/DXs41ogSL0O/","18118848475736830","18","0","0"
"682984","2026-04-24","Facebook","泰熙爾 札娜寶石學院 - 世界各式彩寶.原礦批發 - 代客切磨 . 教學     Tahir Zainab Gems & Rough of World","千萬翡翠套組平替系列 玉隨套組20260424f36fb","1","Reel","https://www.facebook.com/reel/939633498894840/","1627804834169159_1449861670487110","51","0","0"
"682982","2026-04-24","Instagram","tzgems1111","千萬翡翠套組平替系列 玉隨套組20260424f36ig","1","Reel","https://www.instagram.com/reel/DXg38BDCZ9-/","17978131740007316","12","0","0"
"682965","2026-04-24","Facebook","泰熙爾 札娜寶石學院 - 世界各式彩寶.原礦批發 - 代客切磨 . 教學     Tahir Zainab Gems & Rough of World","愛情x事業 能量手串20260424f35fb","1","Reel","https://www.facebook.com/reel/982031720841319/","1627804834169159_1449854213821189","60","0","0"
"682964","2026-04-24","Instagram","tzgems1111","愛情x事業 能量手串20260424f35ig","1","Reel","https://www.instagram.com/reel/DXg2mNCCR9i/","17956390098108684","29","0","0"
"682956","2026-04-24","Facebook","泰熙爾 札娜寶石學院 - 世界各式彩寶.原礦批發 - 代客切磨 . 教學     Tahir Zainab Gems & Rough of World","極光紫韻｜珍珠項鍊20260424f34fb","1","Reel","https://www.facebook.com/reel/1472174964392267/","1627804834169159_1449846600488617","98","0","0"
"682953","2026-04-24","Instagram","tzgems1111","極光紫韻｜珍珠項鍊20260424f34ig","1","Reel","https://www.instagram.com/reel/DXg1SOmCXon/","18140932966518922","36","0","0"
"682754","2026-04-24","Facebook","泰熙爾 札娜寶石學院 - 世界各式彩寶.原礦批發 - 代客切磨 . 教學     Tahir Zainab Gems & Rough of World","(BOSS)關於努力20260424x08fb","1","Reel","https://www.facebook.com/reel/992409379972726/","1627804834169159_1449549510518326","3","0","0"
"682753","2026-04-24","Instagram","tzgems1111","(BOSS)關於努力20260424x08ig","1","Reel","https://www.instagram.com/reel/DXgNcdCiQFI/","18127431946573632","8","0","0"
"680361","2026-04-17","Facebook","泰熙爾 札娜寶石學院 - 世界各式彩寶.原礦批發 - 代客切磨 . 教學     Tahir Zainab Gems & Rough of World","限時活動-能量淨化系列20260417f33fb","1","Reel","https://www.facebook.com/reel/832959339849869/","1627804834169159_1444001897739754","56","0","0"
"680358","2026-04-17","Instagram","tzgems1111","限時活動-能量淨化系列20260417f33ig","1","Reel","https://www.instagram.com/reel/DXPC2xqjOwf/","17889398025346368","13","0","0"
"680339","2026-04-17","Facebook","泰熙爾 札娜寶石學院 - 世界各式彩寶.原礦批發 - 代客切磨 . 教學     Tahir Zainab Gems & Rough of World","限時寵粉-歐泊系列20260417f32fb","1","Reel","https://www.facebook.com/reel/26920335274251064/","1627804834169159_1443854961087781","56","0","0"
"680336","2026-04-17","Instagram","tzgems1111","限時寵粉-歐泊系列20260417f32ig","1","Reel","https://www.instagram.com/reel/DXOpTdujG-q/","17858038980631344","29","0","0"
"679857","2026-04-16","Facebook","泰熙爾 札娜寶石學院 - 世界各式彩寶.原礦批發 - 代客切磨 . 教學     Tahir Zainab Gems & Rough of World","金馬伍吉｜媽祖快閃活動20260417f31fb","1","Reel","https://www.facebook.com/reel/1621388699080925/","1627804834169159_1443818574424753","3","0","0"
"679849","2026-04-16","Instagram","tzgems1111","金馬伍吉｜媽祖快閃活動20260417f31ig","1","Reel","https://www.instagram.com/reel/DXOhs2BSwfJ/","17986993391960941","0","0","0"
"679494","2026-04-15","Facebook","泰熙爾 札娜寶石學院 - 世界各式彩寶.原礦批發 - 代客切磨 . 教學     Tahir Zainab Gems & Rough of World","金馬伍吉｜媽祖快閃活動20260415f30fb","1","Reel","https://www.facebook.com/reel/992003800204901/","1627804834169159_1442169104589700","121","0","0"
"679490","2026-04-15","Instagram","tzgems1111","金馬伍吉｜媽祖快閃活動20260415f30ig","1","Reel","https://www.instagram.com/reel/DXJmscnDNyU/","18110994847889563","24","0","0"
"679127","2026-04-14","Facebook","泰熙爾 札娜寶石學院 - 世界各式彩寶.原礦批發 - 代客切磨 . 教學     Tahir Zainab Gems & Rough of World","招財之石｜金運石吊墜20260428g83fb","1","Reel","https://www.facebook.com/reel/969440372335105/","1627804834169159_1453266540146623","121","0","0"
"679126","2026-04-14","Instagram","tzgems1111","招財之石｜金運石吊墜20260428g83ig","1","Reel","https://www.instagram.com/reel/DXqUElBSKuH/","18556776097067563","21","0","0"
"679119","2026-04-14","Facebook","泰熙爾 札娜寶石學院 - 世界各式彩寶.原礦批發 - 代客切磨 . 教學     Tahir Zainab Gems & Rough of World","招財｜黃藍寶｜耳釘20260427g82fb","1","Reel","https://www.facebook.com/reel/2022651559131149/","1627804834169159_1452536130219664","84","0","0"
"679118","2026-04-14","Instagram","tzgems1111","招財｜黃藍寶｜耳釘20260427g82ig","1","Reel","https://www.instagram.com/reel/DXoR8k5iUTE/","18065866658677378","23","0","0"
"679107","2026-04-14","Facebook","泰熙爾 札娜寶石學院 - 世界各式彩寶.原礦批發 - 代客切磨 . 教學     Tahir Zainab Gems & Rough of World","馬上有錢｜祖母綠吊墜20260426g81fb","1","Reel","https://www.facebook.com/reel/1495912212189973/","1627804834169159_1451403053666305","5","0","0"
"679105","2026-04-14","Instagram","tzgems1111","馬上有錢｜祖母綠吊墜20260426g81ig","1","Reel","https://www.instagram.com/reel/DXlK21pCfkQ/","18078635114149965","7","0","0"
"679103","2026-04-14","Facebook","泰熙爾 札娜寶石學院 - 世界各式彩寶.原礦批發 - 代客切磨 . 教學     Tahir Zainab Gems & Rough of World","太陽之石｜奧勒岡太陽石20260425g80fb","1","Reel","https://www.facebook.com/reel/1461501238810777/","1627804834169159_1450483333758277","91","0","0"
"679102","2026-04-14","Instagram","tzgems1111","太陽之石｜奧勒岡太陽石20260425g80ig","1","Reel","https://www.instagram.com/reel/DXilwrVSFV6/","17966695179076342","34","0","0"
"679082","2026-04-14","Facebook","泰熙爾 札娜寶石學院 - 世界各式彩寶.原礦批發 - 代客切磨 . 教學     Tahir Zainab Gems & Rough of World","剔透純淨｜天空藍拓帕石20260424g79fb","1","Reel","https://www.facebook.com/reel/1297979515814750/","1627804834169159_1449742180499059","328","0","0"
"679080","2026-04-14","Instagram","tzgems1111","剔透純淨｜天空藍拓帕石20260424g79ig","1","Reel","https://www.instagram.com/reel/DXgjNaWyKXr/","18103702759936421","95","0","0"
"679078","2026-04-14","Facebook","泰熙爾 札娜寶石學院 - 世界各式彩寶.原礦批發 - 代客切磨 . 教學     Tahir Zainab Gems & Rough of World","五種綠色寶石(沙佛萊、祖母綠、綠鑽、綠藍寶、綠碧璽)20260423g78fb","1","Reel","https://www.facebook.com/reel/1479118220517328/","1627804834169159_1448827527257191","87","0","0"
"679074","2026-04-14","Instagram","tzgems1111","五種綠色寶石(沙佛萊、祖母綠、綠鑽、綠藍寶、綠碧璽)20260423g78ig","1","Reel","https://www.instagram.com/reel/DXd-bDEyCMh/","18088148102593158","27","0","0"
"679064","2026-04-14","Facebook","泰熙爾 札娜寶石學院 - 世界各式彩寶.原礦批發 - 代客切磨 . 教學     Tahir Zainab Gems & Rough of World","幸運守護｜四葉草手鍊20260422g77fb","1","Reel","https://www.facebook.com/reel/946358478014051/","1627804834169159_1447957570677520","57","0","0"
"679062","2026-04-14","Instagram","tzgems1111","幸運守護｜四葉草手鍊20260422g77ig","1","Reel","https://www.instagram.com/reel/DXbZsKJSIZK/","18369921802204810","111","0","0"
"679061","2026-04-14","Facebook","泰熙爾 札娜寶石學院 - 世界各式彩寶.原礦批發 - 代客切磨 . 教學     Tahir Zainab Gems & Rough of World","晶體通透｜閃靈流沙水膽原礦20260421g76fb","1","Reel","https://www.facebook.com/reel/1320887196600099/","1627804834169159_1447104700762807","18","0","0"
"679060","2026-04-14","Instagram","tzgems1111","晶體通透｜閃靈流沙水膽原礦20260421g76ig","1","Reel","https://www.instagram.com/reel/DXY06SeSmP9/","18217336387316574","28","0","0"
"679059","2026-04-14","Facebook","泰熙爾 札娜寶石學院 - 世界各式彩寶.原礦批發 - 代客切磨 . 教學     Tahir Zainab Gems & Rough of World","祖母綠平替｜透輝石｜吊墜20260420g75fb","1","Reel","https://www.facebook.com/reel/821990560946949/","1627804834169159_1446272914179319","62","0","0"
"679058","2026-04-14","Instagram","tzgems1111","祖母綠平替｜透輝石｜吊墜20260420g75ig","1","Reel","https://www.instagram.com/reel/DXWQUnZDIa7/","18083574995525867","14","0","0"
"678953","2026-04-13","Facebook","泰熙爾 札娜寶石學院 - 世界各式彩寶.原礦批發 - 代客切磨 . 教學     Tahir Zainab Gems & Rough of World","能量之王｜紫龍晶裸石20260419g74fb","1","Reel","https://www.facebook.com/reel/1552028486501389/","1627804834169159_1445272317612712","43","0","0"
"678952","2026-04-13","Instagram","tzgems1111","能量之王｜紫龍晶裸石20260419g74ig","1","Reel","https://www.instagram.com/reel/DXTI8GpyWoS/","17998822607929829","18","0","0"
"678943","2026-04-13","Facebook","泰熙爾 札娜寶石學院 - 世界各式彩寶.原礦批發 - 代客切磨 . 教學     Tahir Zainab Gems & Rough of World","天然海紋石｜手串 ｜吊墜20260418g73fb","1","Reel","https://www.facebook.com/reel/848247071634612/","1627804834169159_1444468461026431","38","0","0"
"678942","2026-04-13","Instagram","tzgems1111","天然海紋石｜手串 ｜吊墜20260418g73ig","1","Reel","https://www.instagram.com/reel/DXQkLKFSLE3/","18105667477723912","17","0","0"
"678932","2026-04-13","Facebook","泰熙爾 札娜寶石學院 - 世界各式彩寶.原礦批發 - 代客切磨 . 教學     Tahir Zainab Gems & Rough of World","18K 高訂祖母綠戒指20260417g72fb","1","Reel","https://www.facebook.com/reel/2105862643317069/","1627804834169159_1443818597758084","68","0","0"
"678930","2026-04-13","Instagram","tzgems1111","18K 高訂祖母綠戒指20260417g72ig","1","Reel","https://www.instagram.com/reel/DXOhuAkSzth/","18428162641185239","14","0","0"
"678254","2026-04-10","Facebook","泰熙爾 札娜寶石學院 - 世界各式彩寶.原礦批發 - 代客切磨 . 教學     Tahir Zainab Gems & Rough of World","7款熱門寶石平替款20260410f29fb","1","Reel","https://www.facebook.com/reel/1460247028538321/","1627804834169159_1438195504987060","283","0","0"
"678252","2026-04-10","Instagram","tzgems1111","7款熱門寶石平替款20260410f29ig","1","Reel","https://www.instagram.com/reel/DW8_UP5DD_D/","18138542731454600","66","0","0"
"678246","2026-04-10","Facebook","泰熙爾 札娜寶石學院 - 世界各式彩寶.原礦批發 - 代客切磨 . 教學     Tahir Zainab Gems & Rough of World","母親節精選套組20260410f28fb","1","Reel","https://www.facebook.com/reel/1275981914488531/","1627804834169159_1438179288322015","717","0","0"
"678244","2026-04-10","Instagram","tzgems1111","母親節精選套組20260410f28ig","1","Reel","https://www.instagram.com/reel/DW88vKADNXn/","17992533008954725","99","0","0"
"678135","2026-04-10","Facebook","泰熙爾 札娜寶石學院 - 世界各式彩寶.原礦批發 - 代客切磨 . 教學     Tahir Zainab Gems & Rough of World","能量寶石｜彩寶20260416g71fb","1","Reel","https://www.facebook.com/reel/1291240409258720/","1627804834169159_1442975851175692","26","0","0"
"678131","2026-04-10","Instagram","tzgems1111","能量寶石｜彩寶20260416g71ig","1","Reel","https://www.instagram.com/reel/DXL88ZuSAGk/","17896931571430319","2","0","0"
"677883","2026-04-09","Facebook","","Chopard-Inspired | Color Gemstone Openable Box Pendantae20260409g64fb","0","","","","0","0","0"
"677774","2026-04-09","Instagram","","Chopard-Inspired | Color Gemstone Openable Box Pendantae20260409g64ig","0","","","","0","0","0"
"677566","2026-04-08","Facebook","泰熙爾 札娜寶石學院 - 世界各式彩寶.原礦批發 - 代客切磨 . 教學     Tahir Zainab Gems & Rough of World","珠寶避坑指南","1","Reel","https://www.facebook.com/reel/1170593845073363/","1627804834169159_1436450868494857","86","0","0"
"677563","2026-04-08","Instagram","tzgems1111","珠寶避坑指南","1","Reel","https://www.instagram.com/reel/DW3kTUVyElp/","18018565742827548","20","0","0"
"677539","2026-04-08","Facebook","泰熙爾 札娜寶石學院 - 世界各式彩寶.原礦批發 - 代客切磨 . 教學     Tahir Zainab Gems & Rough of World","帝王拓帕石系列｜裸石 ｜寵粉20260415g70fb","1","Reel","https://www.facebook.com/reel/1648141279656789/","1627804834169159_1442094271263850","104","0","0"
"677535","2026-04-08","Instagram","tzgems1111","帝王拓帕石系列｜裸石 ｜寵粉20260415g70ig","1","Reel","https://www.instagram.com/reel/DXJYImDy3iU/","18054041816711164","85","0","0"
"677526","2026-04-08","Facebook","泰熙爾 札娜寶石學院 - 世界各式彩寶.原礦批發 - 代客切磨 . 教學     Tahir Zainab Gems & Rough of World","彩寶｜雙石戒指20260414g69fb","1","Reel","https://www.facebook.com/reel/2813434092337056/","1627804834169159_1441252684681342","44","0","0"
"677523","2026-04-08","Instagram","tzgems1111","彩寶｜雙石戒指20260414g69ig","1","Reel","https://www.instagram.com/reel/DXGzW7uycSM/","18332870767222625","7","0","0"
"677499","2026-04-08","Facebook","泰熙爾 札娜寶石學院 - 世界各式彩寶.原礦批發 - 代客切磨 . 教學     Tahir Zainab Gems & Rough of World","倫敦藍拓帕｜方枕型裸石20260413g68fb","1","Reel","https://www.facebook.com/reel/953824744067011/","1627804834169159_1440430654763545","268","0","0"
"677497","2026-04-08","Instagram","tzgems1111","倫敦藍拓帕｜方枕型裸石20260413g68ig","1","Reel","https://www.instagram.com/reel/DXEOgYTy4Bw/","18173914168394492","76","0","0"
"677493","2026-04-08","Facebook","泰熙爾 札娜寶石學院 - 世界各式彩寶.原礦批發 - 代客切磨 . 教學     Tahir Zainab Gems & Rough of World","小資奢華｜綠透輝耳釘20260412g67fb","1","Reel","https://www.facebook.com/reel/2734936130176027/","1627804834169159_1439455324861078","4","0","0"
"677486","2026-04-08","Instagram","tzgems1111","小資奢華｜綠透輝耳釘20260412g67ig","1","Reel","https://www.instagram.com/reel/DXBHZyXysHC/","18160261471432348","3","0","0"
"677469","2026-04-08","Facebook","泰熙爾 札娜寶石學院 - 世界各式彩寶.原礦批發 - 代客切磨 . 教學     Tahir Zainab Gems & Rough of World","一路滿賺 / 高級感拉滿 18k墨桑 銀河之星手鏈20260411g66fb","1","Reel","https://www.facebook.com/reel/1110609414585985/","1627804834169159_1438671884939422","23","0","0"
"677463","2026-04-08","Instagram","tzgems1111","一路滿賺 / 高級感拉滿 18k墨桑 銀河之星手鏈20260411g66ig","1","Reel","https://www.instagram.com/reel/DW-ilcrSlrM/","18398843005196538","7","0","0"
"677452","2026-04-08","Facebook","泰熙爾 札娜寶石學院 - 世界各式彩寶.原礦批發 - 代客切磨 . 教學     Tahir Zainab Gems & Rough of World","紫黃晶｜裸石20260410g65fb","1","Reel","https://www.facebook.com/reel/967835575735177/","1627804834169159_1438028495003761","159","0","0"
"677451","2026-04-08","Instagram","","Ammonite | Pendant | Fan Appreciation20260408g63ig","0","","","","0","0","0"
"677449","2026-04-08","Instagram","tzgems1111","紫黃晶｜裸石20260410g65ig","1","Reel","https://www.instagram.com/reel/DW8gIPRSs82/","17863503555617156","81","0","0"
"677419","2026-04-08","Facebook","泰熙爾 札娜寶石學院 - 世界各式彩寶.原礦批發 - 代客切磨 . 教學     Tahir Zainab Gems & Rough of World","蕭邦同款｜彩寶可開關寶盒｜吊墜20260409g64fb","1","Reel","https://www.facebook.com/reel/1676298533377155/","1627804834169159_1437196781753599","138","0","0"
"677408","2026-04-08","Instagram","tzgems1111","蕭邦同款｜彩寶可開關寶盒｜吊墜20260409g64ig","1","Reel","https://www.instagram.com/reel/DW57VVNywz2/","18091995113133317","26","0","0"
"676641","2026-04-03","Facebook","泰熙爾 札娜寶石學院 - 世界各式彩寶.原礦批發 - 代客切磨 . 教學     Tahir Zainab Gems & Rough of World","寶石排行榜","1","Reel","https://www.facebook.com/reel/1873524293354094/","1627804834169159_1432934892179788","430","0","0"
"676640","2026-04-03","Instagram","tzgems1111","寶石排行榜","1","Reel","https://www.instagram.com/reel/DWsg_MDSGHS/","17924099709099759","142","0","0"
"676289","2026-04-02","Facebook","泰熙爾 札娜寶石學院 - 世界各式彩寶.原礦批發 - 代客切磨 . 教學     Tahir Zainab Gems & Rough of World","GIA 證書方式","1","Reel","https://www.facebook.com/reel/1943367649621715/","1627804834169159_1432071705599440","18","0","0"
"676288","2026-04-02","Instagram","tzgems1111","GIA證書辨別方式","1","Reel","https://www.instagram.com/reel/DWp8LLUS3l7/","17878982997415443","4","0","0"
"676189","2026-04-02","Facebook","泰熙爾 札娜寶石學院 - 世界各式彩寶.原礦批發 - 代客切磨 . 教學     Tahir Zainab Gems & Rough of World","綠玉髓20260402f27fb","1","Reel","https://www.facebook.com/reel/926486380012045/","1627804834169159_1431501262323151","144","0","0"
"676188","2026-04-02","Instagram","tzgems1111","綠玉髓20260402f27ig","1","Reel","https://www.instagram.com/reel/DWoOfX-jEA7/","17881178802533313","35","0","0"
"676181","2026-04-02","Facebook","泰熙爾 札娜寶石學院 - 世界各式彩寶.原礦批發 - 代客切磨 . 教學     Tahir Zainab Gems & Rough of World","檸檬黃水晶20260402f26fb","2","Reel","https://www.facebook.com/reel/791960643602528/
https://www.facebook.com/reel/1434665651773484/","1627804834169159_1431498932323384
1627804834169159_1431504332322844","622","0","0"
"676180","2026-04-02","Instagram","tzgems1111","檸檬黃水晶20260402f26ig","1","Reel","https://www.instagram.com/reel/DWoPo2IDHdU/","17876993328557272","86","0","0"
"676176","2026-04-02","Facebook","泰熙爾 札娜寶石學院 - 世界各式彩寶.原礦批發 - 代客切磨 . 教學     Tahir Zainab Gems & Rough of World","馬卡龍20260402f25fb","1","Reel","https://www.facebook.com/reel/953942447087628/","1627804834169159_1431491258990818","44","0","0"
"676174","2026-04-02","Instagram","tzgems1111","馬卡龍20260402f25ig","1","Reel","https://www.instagram.com/reel/DWoNcPiDN6g/","18046919657731041","15","0","0"
"675744","2026-04-01","Facebook","泰熙爾 札娜寶石學院 - 世界各式彩寶.原礦批發 - 代客切磨 . 教學     Tahir Zainab Gems & Rough of World","斑彩菊石｜吊墜｜寵粉20260408g63fb","1","Reel","https://www.facebook.com/reel/1485684563195001/","1627804834169159_1436385205168090","10","0","0"
"675741","2026-04-01","Instagram","tzgems1111","斑彩菊石｜吊墜｜寵粉20260408g63ig","1","Reel","https://www.instagram.com/reel/DW3WhOcS1fC/","18049744700723953","4","0","0"
"675739","2026-04-01","Facebook","泰熙爾 札娜寶石學院 - 世界各式彩寶.原礦批發 - 代客切磨 . 教學     Tahir Zainab Gems & Rough of World","茶鈦晶｜寵粉限定｜20260407g62fb","1","Reel","https://www.facebook.com/reel/1444700980362675/","1627804834169159_1435556718584272","394","0","0"
"675737","2026-04-01","Instagram","tzgems1111","茶鈦晶｜寵粉限定｜20260407g62ig","1","Reel","https://www.instagram.com/reel/DW0xvyMycso/","18062507054693881","145","0","0"
"675735","2026-04-01","Facebook","泰熙爾 札娜寶石學院 - 世界各式彩寶.原礦批發 - 代客切磨 . 教學     Tahir Zainab Gems & Rough of World","貴族之石｜粉紅碧璽20260406g61fb","1","Reel","https://www.facebook.com/reel/836391292101528/","1627804834169159_1434592205347390","128","0","0"
"675733","2026-04-01","Instagram","tzgems1111","貴族之石｜粉紅碧璽20260406g61ig","1","Reel","https://www.instagram.com/reel/DWxqnfBSRyb/","18131206174480449","30","0","0"
"675037","2026-03-30","Facebook","","POST 2026/03/30 14:58","0","","","","0","0","0"
"674417","2026-03-27","Facebook","泰熙爾 札娜寶石學院 - 世界各式彩寶.原礦批發 - 代客切磨 . 教學     Tahir Zainab Gems & Rough of World","12星座限量系列20260328f24fb","1","Reel","https://www.facebook.com/reel/1684571229644736/","1627804834169159_1426896776116933","1218","0","0"
"674414","2026-03-27","Instagram","tzgems1111","12星座限量系列20260328f24ig","1","Reel","https://www.instagram.com/reel/DWafdckyUxW/","17854731216634052","1357","0","0"
"674369","2026-03-27","Facebook","泰熙爾 札娜寶石學院 - 世界各式彩寶.原礦批發 - 代客切磨 . 教學     Tahir Zainab Gems & Rough of World","《柏捷頓》系列｜勇敢三部曲20260327f23fb","1","Reel","https://www.facebook.com/reel/1645210376524498/","1627804834169159_1426180776188533","81","0","0"
"674367","2026-03-27","Instagram","tzgems1111","《柏捷頓》系列｜勇敢三部曲20260327f23ig","1","Reel","https://www.instagram.com/reel/DWYc8WCS7qu/","18117938443725379","21","0","0"
"674361","2026-03-27","Facebook","泰熙爾 札娜寶石學院 - 世界各式彩寶.原礦批發 - 代客切磨 . 教學     Tahir Zainab Gems & Rough of World","天然鑽石/培育鑽/莫桑鑽｜耳釘20260327f22fb","2","Reel","https://www.facebook.com/reel/1837628380269959/
https://www.facebook.com/reel/1517340826475229/","1627804834169159_1426180632855214
1627804834169159_1426205319519412","36","0","0"
"674358","2026-03-27","Instagram","tzgems1111","天然鑽石/培育鑽/莫桑鑽｜耳釘20260327f22ig","2","Reel","https://www.instagram.com/reel/DWYdAUayeAR/
https://www.instagram.com/reel/DWYiDxRjEbk/","17883730008378864
18111104614779345","20","0","0"
"674355","2026-03-27","Facebook","泰熙爾 札娜寶石學院 - 世界各式彩寶.原礦批發 - 代客切磨 . 教學     Tahir Zainab Gems & Rough of World","舒俱萊｜吊墜20260327f21fb","1","Reel","https://www.facebook.com/reel/1412222647584558/","1627804834169159_1426180816188529","193","0","0"
"674353","2026-03-27","Instagram","tzgems1111","舒俱萊｜吊墜20260327f21ig","1","Reel","https://www.instagram.com/reel/DWYdA6Yy17u/","18117521065567552","41","0","0"
"674146","2026-03-26","Facebook","泰熙爾 札娜寶石學院 - 世界各式彩寶.原礦批發 - 代客切磨 . 教學     Tahir Zainab Gems & Rough of World","塔級｜粉尖晶20260405g60fb","1","Reel","https://www.facebook.com/reel/4290276887914089/","1627804834169159_1433754008764543","287","0","0"
"674144","2026-03-26","Instagram","tzgems1111","塔級｜粉尖晶20260405g60ig","1","Reel","https://www.instagram.com/reel/DWvF1kLSaYh/","18059119772424856","81","0","0"
"674142","2026-03-26","Facebook","泰熙爾 札娜寶石學院 - 世界各式彩寶.原礦批發 - 代客切磨 . 教學     Tahir Zainab Gems & Rough of World","天然寶石｜祖母綠系列20260404g59fb","1","Reel","https://www.facebook.com/reel/1327068739248990/","1627804834169159_1432934378846506","116","0","0"
"674140","2026-03-26","Instagram","tzgems1111","天然寶石｜祖母綠系列20260404g59ig","1","Reel","https://www.instagram.com/reel/DWshCr3SDGH/","18162813565424124","17","0","0"
"674128","2026-03-26","Facebook","泰熙爾 札娜寶石學院 - 世界各式彩寶.原礦批發 - 代客切磨 . 教學     Tahir Zainab Gems & Rough of World","財富能量| 黃鐵礦20260403g58fb","1","Reel","https://www.facebook.com/reel/1493662752406085/","1627804834169159_1432071638932780","123","0","0"
"674125","2026-03-26","Instagram","tzgems1111","財富能量| 黃鐵礦20260403g58ig","1","Reel","https://www.instagram.com/reel/DWp8Pv2SL5e/","17898690957263932","28","0","0"
"674117","2026-03-26","Facebook","泰熙爾 札娜寶石學院 - 世界各式彩寶.原礦批發 - 代客切磨 . 教學     Tahir Zainab Gems & Rough of World","爆款彩色｜尖晶石20260402g57fb","1","Reel","https://www.facebook.com/reel/1489941816104016/","1627804834169159_1431376632335614","108","0","0"
"674115","2026-03-26","Instagram","tzgems1111","爆款彩色｜尖晶石20260402g57ig","1","Reel","https://www.instagram.com/reel/DWn5uCVyeNF/","18401958901183414","16","0","0"
"674112","2026-03-26","Facebook","泰熙爾 札娜寶石學院 - 世界各式彩寶.原礦批發 - 代客切磨 . 教學     Tahir Zainab Gems & Rough of World","【限時寵粉價｜人氣寶石三位數入手🔥】20260401g56fb","1","Reel","https://www.facebook.com/reel/1660963061580049/","1627804834169159_1430462062427071","95","0","0"
"674110","2026-03-26","Instagram","tzgems1111","【限時寵粉價｜人氣寶石三位數入手🔥】20260401g56ig","1","Reel","https://www.instagram.com/reel/DWlVBdMSYsn/","18095266292514824","27","0","0"
"674105","2026-03-26","Facebook","泰熙爾 札娜寶石學院 - 世界各式彩寶.原礦批發 - 代客切磨 . 教學     Tahir Zainab Gems & Rough of World","五行不夠，首飾來湊20260331g55fb","1","Reel","https://www.facebook.com/reel/1269233542015032/","1627804834169159_1429543339185610","73","0","0"
"674104","2026-03-26","Instagram","tzgems1111","五行不夠，首飾來湊20260331g55ig","1","Reel","https://www.instagram.com/reel/DWiwJOzRQ4C/","18028446512642178","19","0","0"
"674102","2026-03-26","Facebook","泰熙爾 札娜寶石學院 - 世界各式彩寶.原礦批發 - 代客切磨 . 教學     Tahir Zainab Gems & Rough of World","橄欖石黑碧璽｜裸石20260330g54fb","1","Reel","https://www.facebook.com/reel/791291620715556/","1627804834169159_1428746992598578","49","0","0"
"674101","2026-03-26","Instagram","tzgems1111","橄欖石黑碧璽｜裸石20260330g54ig","1","Reel","https://www.instagram.com/reel/DWgLWLTRDyj/","18120139513538279","9","0","0"
"674100","2026-03-26","Facebook","泰熙爾 札娜寶石學院 - 世界各式彩寶.原礦批發 - 代客切磨 . 教學     Tahir Zainab Gems & Rough of World","限量盲盒 · 蓮花色雙寶🌸20260329g53fb","1","Reel","https://www.facebook.com/reel/922687660666078/","1627804834169159_1427747472698530","79","0","0"
"674099","2026-03-26","Instagram","tzgems1111","限量盲盒 · 蓮花色雙寶🌸20260329g53ig","1","Reel","https://www.instagram.com/reel/DWdERb-xxJp/","18088946393223179","46","0","0"
"674097","2026-03-26","Facebook","泰熙爾 札娜寶石學院 - 世界各式彩寶.原礦批發 - 代客切磨 . 教學     Tahir Zainab Gems & Rough of World","925銀簡約款泡泡鑲彩寶手鏈20260328g52fb","1","Reel","https://www.facebook.com/reel/1284058196994604/","1627804834169159_1426897182783559","67","0","0"
"674096","2026-03-26","Instagram","tzgems1111","925銀簡約款泡泡鑲彩寶手鏈20260328g52ig","1","Reel","https://www.instagram.com/reel/DWafbg5xnor/","18325873243149029","23","0","0"
"674095","2026-03-26","Facebook","泰熙爾 札娜寶石學院 - 世界各式彩寶.原礦批發 - 代客切磨 . 教學     Tahir Zainab Gems & Rough of World","Fullmula 明星3件組 / 前100名加送精華液20260327g51fb","1","Reel","https://www.facebook.com/reel/1483723646680232/","1627804834169159_1426180939521850","205","0","0"
"674093","2026-03-26","Instagram","tzgems1111","Fullmula 明星3件組 / 前100名加送精華液20260327g51ig","1","Reel","https://www.instagram.com/reel/DWYdDIWx_N7/","18431123626190542","89","0","0"
"674041","2026-03-26","Facebook","泰熙爾 札娜寶石學院 - 世界各式彩寶.原礦批發 - 代客切磨 . 教學     Tahir Zainab Gems & Rough of World","寵粉彩藍寶有錢花戒指20260326g50fb","1","Reel","https://www.facebook.com/reel/906211965513259/","1627804834169159_1425279672945310","14","0","0"
"674040","2026-03-26","Instagram","tzgems1111","寵粉彩藍寶有錢花戒指20260326g50ig","1","Reel","https://www.instagram.com/reel/DWV4K1MSzv3/","18095992442512470","19","0","0"
"672587","2026-03-20","Instagram","tzgems1111","2026必選排行｜婚戒20260322f20ig","1","Reel","https://www.instagram.com/reel/DWLCqnkycqg/","18007137062704808","81","0","0"
"672585","2026-03-20","Facebook","泰熙爾 札娜寶石學院 - 世界各式彩寶.原礦批發 - 代客切磨 . 教學     Tahir Zainab Gems & Rough of World","2026必選排行｜婚戒20260322f20fb","1","Reel","https://www.facebook.com/reel/1646091129851588/","1627804834169159_1421455329994411","50","0","0"
"672547","2026-03-20","Instagram","tzgems1111","(P26)創業(沒錢的女人就是沒權力的女人)20260321x07ig","1","Reel","https://www.instagram.com/reel/DWId4z8yMIs/","18190005007364239","12","0","0"
"672546","2026-03-20","Facebook","泰熙爾 札娜寶石學院 - 世界各式彩寶.原礦批發 - 代客切磨 . 教學     Tahir Zainab Gems & Rough of World","(P26)創業(沒錢的女人就是沒權力的女人)20260321x07fb","1","Reel","https://www.facebook.com/reel/2120492855417865/","1627804834169159_1420529333420344","36","0","0"
"672484","2026-03-20","Instagram","tzgems1111","2026年 珠寶商線下說明(報名)20260320x06ig","1","Reel","https://www.instagram.com/reel/DWGNgECjPu1/","18083946053353940","0","0","0"
"672482","2026-03-20","Facebook","泰熙爾 札娜寶石學院 - 世界各式彩寶.原礦批發 - 代客切磨 . 教學     Tahir Zainab Gems & Rough of World","2026年 珠寶商線下說明(報名)20260320x06fb","1","Reel","https://www.facebook.com/reel/1442738193929685/","1627804834169159_1419679953505282","1","0","0"
"672475","2026-03-20","Instagram","tzgems1111","旺財貔貅｜發財小神獸(聯名貔貅)20260320f19ig","1","Reel","https://www.instagram.com/reel/DWGq_jpjLow/","18079123115597857","35","0","0"
"672470","2026-03-20","Facebook","泰熙爾 札娜寶石學院 - 世界各式彩寶.原礦批發 - 代客切磨 . 教學     Tahir Zainab Gems & Rough of World","旺財貔貅｜發財小神獸(聯名貔貅)20260320f19fb","1","Reel","https://www.facebook.com/reel/2751711325161658/","1627804834169159_1419861916820419","156","0","0"
"671879","2026-03-18","Instagram","tzgems1111","消磁聚寶盆| 瑪瑙晶洞20260320f18ig","1","Reel","https://www.instagram.com/reel/DWGaRCiDL_B/","17904457833389249","50","0","0"
"671877","2026-03-18","Facebook","泰熙爾 札娜寶石學院 - 世界各式彩寶.原礦批發 - 代客切磨 . 教學     Tahir Zainab Gems & Rough of World","消磁聚寶盆| 瑪瑙晶洞20260320f18fb","1","Reel","https://www.facebook.com/reel/1476085214216587/","1627804834169159_1419764833496794","433","0","0"
"671873","2026-03-18","Instagram","tzgems1111","霸氣女大主必備｜雞尾酒戒指20260320f17ig","1","Reel","https://www.instagram.com/reel/DWGbN7fDA3T/","18312268027262831","20","0","0"
"671872","2026-03-18","Facebook","泰熙爾 札娜寶石學院 - 世界各式彩寶.原礦批發 - 代客切磨 . 教學     Tahir Zainab Gems & Rough of World","霸氣女大主必備｜雞尾酒戒指20260320f17fb","1","Reel","https://www.facebook.com/reel/782991447818920/","1627804834169159_1419764783496799","49","0","0"
"670385","2026-03-13","Instagram","tzgems1111","頂級｜尖晶石20260313f16ig","1","Reel","https://www.instagram.com/reel/DV0Z1gAEba5/","17962476054025700","12","0","0"
"670384","2026-03-13","Facebook","泰熙爾 札娜寶石學院 - 世界各式彩寶.原礦批發 - 代客切磨 . 教學     Tahir Zainab Gems & Rough of World","頂級｜尖晶石20260313f16fb","1","Reel","https://www.facebook.com/reel/2585383871912840/","1627804834169159_1413643450775599","58","0","0"
"670382","2026-03-13","Instagram","tzgems1111","當貓咪遇上寶石20260313f15ig","1","Reel","https://www.instagram.com/reel/DV0gh6GD879/","18259960144289241","92","0","0"
"670377","2026-03-13","Facebook","泰熙爾 札娜寶石學院 - 世界各式彩寶.原礦批發 - 代客切磨 . 教學     Tahir Zainab Gems & Rough of World","當貓咪遇上寶石20260313f15fb","1","Reel","https://www.facebook.com/reel/26300000073023742/","1627804834169159_1413680087438602","354","0","0"
"670354","2026-03-13","Instagram","tzgems1111","彩寶耳環｜特賣20260313f14ig","1","Reel","https://www.instagram.com/reel/DV0qSSPj8mf/","18169123708362256","53","0","0"
"670350","2026-03-13","Facebook","泰熙爾 札娜寶石學院 - 世界各式彩寶.原礦批發 - 代客切磨 . 教學     Tahir Zainab Gems & Rough of World","彩寶耳環｜特賣20260313f14fb","1","Reel","https://www.facebook.com/reel/965629429322072/","1627804834169159_1413727950767149","303","0","0"
"670328","2026-03-13","Instagram","tzgems1111","珠寶商線下說明｜ 3月22號20260315x06ig","1","Reel","https://www.instagram.com/reel/DV3utoSkRDO/","17938684437172044","12","0","0"
"670324","2026-03-13","Facebook","泰熙爾 札娜寶石學院 - 世界各式彩寶.原礦批發 - 代客切磨 . 教學     Tahir Zainab Gems & Rough of World","珠寶商線下說明｜ 3月22號20260315x06fb","1","Reel","https://www.facebook.com/reel/3958023337830984/","1627804834169159_1415184470621497","36","0","0"
"670321","2026-03-13","Instagram","tzgems1111","珠寶商線下說明｜ 3月22號20260314x05ig","1","Reel","https://www.instagram.com/reel/DV2cUnukezc/","17963060897900584","3","0","0"
"670309","2026-03-13","Facebook","泰熙爾 札娜寶石學院 - 世界各式彩寶.原礦批發 - 代客切磨 . 教學     Tahir Zainab Gems & Rough of World","珠寶商線下說明｜ 3月22號20260314x05fb","1","Reel","https://www.facebook.com/reel/960992616357020/","1627804834169159_1414346147371996","39","0","0"
"670292","2026-03-13","Instagram","tzgems1111","珠寶商線下說明｜ 3月22號20260313x04ig","1","Reel","https://www.instagram.com/reel/DV0Z3cFEfk5/","17909213346182965","1","0","0"
"670241","2026-03-13","Facebook","泰熙爾 札娜寶石學院 - 世界各式彩寶.原礦批發 - 代客切磨 . 教學     Tahir Zainab Gems & Rough of World","珠寶商線下說明｜ 3月22號20260313x04fb","1","照片","https://www.facebook.com/681888940617724/posts/1413642374109040","1627804834169159_1413642374109040","2","0","0"
"670195","2026-03-13","Instagram","tzgems1111","黑金超七｜項鏈（星輝骨幹）20260325g49ig","1","Reel","https://www.instagram.com/reel/DWTTbhGkRgv/","18192205855361263","67","0","0"
"670193","2026-03-13","Facebook","泰熙爾 札娜寶石學院 - 世界各式彩寶.原礦批發 - 代客切磨 . 教學     Tahir Zainab Gems & Rough of World","黑金超七｜項鏈（星輝骨幹）20260325g49fb","1","Reel","https://www.facebook.com/reel/27463948299872080/","1627804834169159_1424327379707206","115","0","0"
"670191","2026-03-13","Instagram","tzgems1111","貴族之石｜粉紅碧璽20260324g48ig","1","Reel","https://www.instagram.com/reel/DWQupoOkZ9j/","17983841864972365","36","0","0"
"670190","2026-03-13","Facebook","泰熙爾 札娜寶石學院 - 世界各式彩寶.原礦批發 - 代客切磨 . 教學     Tahir Zainab Gems & Rough of World","貴族之石｜粉紅碧璽20260324g48fb","1","Reel","https://www.facebook.com/reel/2159590371521831/","1627804834169159_1423439203129357","81","0","0"
"670189","2026-03-13","Instagram","tzgems1111","透輝石&坦桑石|925銀 耳釘20260323g47ig","1","Reel","https://www.instagram.com/reel/DWOJ3RckS1-/","18101659514300154","24","0","0"
"670185","2026-03-13","Facebook","泰熙爾 札娜寶石學院 - 世界各式彩寶.原礦批發 - 代客切磨 . 教學     Tahir Zainab Gems & Rough of World","透輝石&坦桑石|925銀 耳釘20260323g47fb","1","Reel","https://www.facebook.com/reel/1933002480651210/","1627804834169159_1422540983219179","88","0","0"
"670181","2026-03-13","Instagram","tzgems1111","橄欖石黑碧璽｜裸石20260322g46ig","1","Reel","https://www.instagram.com/reel/DWLCs13keAP/","17888466417333759","9","0","0"
"670178","2026-03-13","Facebook","泰熙爾 札娜寶石學院 - 世界各式彩寶.原礦批發 - 代客切磨 . 教學     Tahir Zainab Gems & Rough of World","橄欖石黑碧璽｜裸石20260322g46fb","1","Reel","https://www.facebook.com/reel/1462921755508674/","1627804834169159_1421455146661096","46","0","0"
"670170","2026-03-13","Instagram","tzgems1111","太陽之石｜奧勒岡太陽石20260321g45ig","1","Reel","https://www.instagram.com/reel/DWId3qaEZfX/","18080909414609768","42","0","0"
"670169","2026-03-13","Facebook","泰熙爾 札娜寶石學院 - 世界各式彩寶.原礦批發 - 代客切磨 . 教學     Tahir Zainab Gems & Rough of World","太陽之石｜奧勒岡太陽石20260321g45fb","1","Reel","https://www.facebook.com/reel/1431297978207906/","1627804834169159_1420529140087030","112","0","0"
"670167","2026-03-13","Instagram","tzgems1111","帝王拓帕石系列｜裸石 ｜寵粉20260320g44ig","1","Reel","https://www.instagram.com/reel/DWGbYPTEded/","18048436301706126","108","0","0"
"670164","2026-03-13","Facebook","泰熙爾 札娜寶石學院 - 世界各式彩寶.原礦批發 - 代客切磨 . 教學     Tahir Zainab Gems & Rough of World","帝王拓帕石系列｜裸石 ｜寵粉20260320g44fb","1","Reel","https://www.facebook.com/reel/961050379823532/","1627804834169159_1419764936830117","183","0","0"
"670162","2026-03-13","Instagram","tzgems1111","倫敦藍拓帕｜方枕型裸石20260319g43ig","1","Reel","https://www.instagram.com/reel/DWD2n9GkVfw/","17928916914212503","147","0","0"
"670138","2026-03-13","Facebook","泰熙爾 札娜寶石學院 - 世界各式彩寶.原礦批發 - 代客切磨 . 教學     Tahir Zainab Gems & Rough of World","倫敦藍拓帕｜方枕型裸石20260319g43fb","1","Reel","https://www.facebook.com/reel/1228990852372625/","1627804834169159_1418809560258988","360","0","0"
"670135","2026-03-13","Instagram","tzgems1111","斑彩菊石｜吊墜｜寵粉20260318g42ig","1","Reel","https://www.instagram.com/reel/DWBR0BnkZ4I/","18367883905167717","3","0","0"
"670130","2026-03-13","Facebook","泰熙爾 札娜寶石學院 - 世界各式彩寶.原礦批發 - 代客切磨 . 教學     Tahir Zainab Gems & Rough of World","斑彩菊石｜吊墜｜寵粉20260318g42fb","1","Reel","https://www.facebook.com/reel/789684727540733/","1627804834169159_1417989730340971","28","0","0"
"669917","2026-03-12","Instagram","tzgems1111","紫黃晶｜裸石20260317g41ig","1","Reel","https://www.instagram.com/reel/DV-tDzDEdN5/","18090879260152716","157","0","0"
"669916","2026-03-12","Facebook","泰熙爾 札娜寶石學院 - 世界各式彩寶.原礦批發 - 代客切磨 . 教學     Tahir Zainab Gems & Rough of World","紫黃晶｜裸石20260317g41fb","1","Reel","https://www.facebook.com/reel/3458694034281101/","1627804834169159_1417077820432162","314","0","0"
"669913","2026-03-12","Instagram","tzgems1111","幸福顯化｜招財招桃花20260316g40ig","1","Reel","https://www.instagram.com/reel/DV8INGwkVnP/","18109890967704753","24","0","0"
"669911","2026-03-12","Facebook","泰熙爾 札娜寶石學院 - 世界各式彩寶.原礦批發 - 代客切磨 . 教學     Tahir Zainab Gems & Rough of World","幸福顯化｜招財招桃花20260316g40fb","1","Reel","https://www.facebook.com/reel/947173554391854/","1627804834169159_1416208657185745","69","0","0"
"669908","2026-03-12","Instagram","tzgems1111","能量寶石｜彩寶20260315g39ig","1","Reel","https://www.instagram.com/reel/DV5BH_fkZb6/","17889034407327062","12","0","0"
"669906","2026-03-12","Facebook","泰熙爾 札娜寶石學院 - 世界各式彩寶.原礦批發 - 代客切磨 . 教學     Tahir Zainab Gems & Rough of World","能量寶石｜彩寶20260315g39fb","1","Reel","https://www.facebook.com/reel/1407525187337812/","1627804834169159_1415184653954812","54","0","0"
"669905","2026-03-12","Instagram","tzgems1111","旺財寶石。紫水晶戒指、吊墜20260314g38ig","1","Reel","https://www.instagram.com/reel/DV2cUn8kQ6r/","17942234004140144","13","0","0"
"669903","2026-03-12","Facebook","泰熙爾 札娜寶石學院 - 世界各式彩寶.原礦批發 - 代客切磨 . 教學     Tahir Zainab Gems & Rough of World","旺財寶石。紫水晶戒指、吊墜20260314g38fb","1","Reel","https://www.facebook.com/reel/1131917719005971/","1627804834169159_1414346144038663","58","0","0"
"669710","2026-03-12","Instagram","tzgems1111","寵粉限量15萬｜裸石｜市值60萬20260312f13ig","1","Reel","https://www.instagram.com/reel/DVx1GJuEcZB/","18000713696885582","13","0","0"
"669708","2026-03-12","Facebook","泰熙爾 札娜寶石學院 - 世界各式彩寶.原礦批發 - 代客切磨 . 教學     Tahir Zainab Gems & Rough of World","寵粉限量15萬｜裸石｜市值60萬20260312f13fb","1","Reel","https://www.facebook.com/reel/1677053993641375/","1627804834169159_1412796634193614","24","0","0"
"669225","2026-03-10","Instagram","tzgems1111","925 鋯石｜豪華珠寶｜四件式套組20260310f12ig","1","Reel","https://www.instagram.com/reel/DVs32qBj0Tx/","18083628059249559","4","0","0"
"669223","2026-03-10","Facebook","泰熙爾 札娜寶石學院 - 世界各式彩寶.原礦批發 - 代客切磨 . 教學     Tahir Zainab Gems & Rough of World","925 鋯石｜豪華珠寶｜四件式套組20260310f12fb","1","Reel","https://www.facebook.com/reel/1976568762933525/","1627804834169159_1409541124519165","13","0","0"
"668158","2026-03-06","Instagram","tzgems1111","聖瑪麗亞｜天然海藍寶｜裸石20260313g37ig","1","Reel","https://www.instagram.com/reel/DV0ZzwhkZlQ/","18388316458153889","21","0","0"
"668156","2026-03-06","Facebook","泰熙爾 札娜寶石學院 - 世界各式彩寶.原礦批發 - 代客切磨 . 教學     Tahir Zainab Gems & Rough of World","聖瑪麗亞｜天然海藍寶｜裸石20260313g37fb","1","Reel","https://www.facebook.com/reel/982077467477800/","1627804834169159_1413643394108938","73","0","0"
"668153","2026-03-06","Instagram","tzgems1111","皇家奢華｜紫水晶吊墜20260312g36ig","1","Reel","https://www.instagram.com/reel/DVx1HTGkW3_/","18064718390317231","8","0","0"
"668151","2026-03-06","Facebook","泰熙爾 札娜寶石學院 - 世界各式彩寶.原礦批發 - 代客切磨 . 教學     Tahir Zainab Gems & Rough of World","皇家奢華｜紫水晶吊墜20260312g36fb","1","Reel","https://www.facebook.com/reel/1285913303382982/","1627804834169159_1412796364193641","50","0","0"
"668148","2026-03-06","Instagram","tzgems1111","黑金超七｜項鏈（星輝骨幹）20260311g35ig","1","Reel","https://www.instagram.com/reel/DVvQTmSkTsq/","18056412095451823","100","0","0"
"668132","2026-03-06","Facebook","泰熙爾 札娜寶石學院 - 世界各式彩寶.原礦批發 - 代客切磨 . 教學     Tahir Zainab Gems & Rough of World","黑金超七｜項鏈（星輝骨幹）20260311g35fb","1","Reel","https://www.facebook.com/reel/1226618892918141/","1627804834169159_1411970624276215","302","0","0"
"668119","2026-03-06","Instagram","tzgems1111","夢幻龍紋｜紫龍晶｜裸石20260310g34ig","1","Reel","https://www.instagram.com/reel/DVsreQNkU01/","17952178122102520","8","0","0"
"668118","2026-03-06","Facebook","泰熙爾 札娜寶石學院 - 世界各式彩寶.原礦批發 - 代客切磨 . 教學     Tahir Zainab Gems & Rough of World","夢幻龍紋｜紫龍晶｜裸石20260310g34fb","1","Reel","https://www.facebook.com/reel/1833180367345012/","1627804834169159_1409278001212144","86","0","0"
"668091","2026-03-06","Instagram","tzgems1111","橄欖石黑碧璽｜裸石20260309g33ig","1","Reel","https://www.instagram.com/reel/DVqGrbhEZu9/","17891020488434414","18","0","0"
"668088","2026-03-06","Facebook","泰熙爾 札娜寶石學院 - 世界各式彩寶.原礦批發 - 代客切磨 . 教學     Tahir Zainab Gems & Rough of World","橄欖石黑碧璽｜裸石20260309g33fb","1","Reel","https://www.facebook.com/reel/1310764347529751/","1627804834169159_1405778324895445","84","0","0"
"668085","2026-03-06","Instagram","tzgems1111","旺財寶石｜紅紫金20260308g32ig","1","Reel","https://www.instagram.com/reel/DVm_jklEeIa/","17898436605401137","20","0","0"
"668081","2026-03-06","Facebook","泰熙爾 札娜寶石學院 - 世界各式彩寶.原礦批發 - 代客切磨 . 教學     Tahir Zainab Gems & Rough of World","旺財寶石｜紅紫金20260308g32fb","1","Reel","https://www.facebook.com/reel/801534509656678/","1627804834169159_1403814195091858","87","0","0"
"668076","2026-03-06","Instagram","tzgems1111","女王氣場｜珍珠項鍊20260307g31ig","1","Reel","https://www.instagram.com/reel/DVkau0cEdPE/","18062277755669052","3","0","0"
"668072","2026-03-06","Facebook","泰熙爾 札娜寶石學院 - 世界各式彩寶.原礦批發 - 代客切磨 . 教學     Tahir Zainab Gems & Rough of World","女王氣場｜珍珠項鍊20260307g31fb","1","Reel","https://www.facebook.com/reel/1173858084663616/","1627804834169159_1403010445172233","31","0","0"
"668053","2026-03-06","Instagram","tzgems1111","招商代理20260307x03ig","1","Reel","https://www.instagram.com/reel/DVkaz73EfHw/","17939026002159442","19","0","0"
"668043","2026-03-06","Facebook","泰熙爾 札娜寶石學院 - 世界各式彩寶.原礦批發 - 代客切磨 . 教學     Tahir Zainab Gems & Rough of World","招商代理20260307x03fb","1","Reel","https://www.facebook.com/reel/903782435843549/","1627804834169159_1403010225172255","58","0","0"
"667713","2026-03-05","Instagram","tzgems1111","晶體通透｜閃靈流沙水膽原礦20260306g30ig","1","Reel","https://www.instagram.com/reel/DViYWTtkdqU/","18062391584673839","8","0","0"
"667691","2026-03-05","Facebook","泰熙爾 札娜寶石學院 - 世界各式彩寶.原礦批發 - 代客切磨 . 教學     Tahir Zainab Gems & Rough of World","晶體通透｜閃靈流沙水膽原礦20260306g30fb","1","Reel","https://www.facebook.com/reel/2006084733638768/","1627804834169159_1402366591903285","62","0","0"
"667540","2026-03-05","Instagram","tzgems1111","這個品牌可以客製化珠寶(導官方LINE)20260305f12ig","1","Reel","https://www.instagram.com/reel/DVf_l3Xj1GU/","17851730775635776","21","0","0"
"667536","2026-03-05","Facebook","泰熙爾 札娜寶石學院 - 世界各式彩寶.原礦批發 - 代客切磨 . 教學     Tahir Zainab Gems & Rough of World","這個品牌可以客製化珠寶(導官方LINE)20260305f12fb","1","Reel","https://www.facebook.com/reel/1945421126106183/","1627804834169159_1401650811974863","43","0","0"
"667489","2026-03-05","Instagram","tzgems1111","魅力燃燒｜紅色寶石20260306f11ig","1","Reel","https://www.instagram.com/reel/DViYQnjkaOX/","18363820825207568","15","0","0"
"667479","2026-03-05","Facebook","泰熙爾 札娜寶石學院 - 世界各式彩寶.原礦批發 - 代客切磨 . 教學     Tahir Zainab Gems & Rough of World","魅力燃燒｜紅色寶石20260306f11fb","1","Reel","https://www.facebook.com/reel/1523156462808702/","1627804834169159_1402366568569954","69","0","0"
"667464","2026-03-05","Instagram","tzgems1111","守財護主｜貔貅瑞獸20260306f10ig","1","Reel","https://www.instagram.com/reel/DVh1_8ekgC1/","18123676354592628","64","0","0"
"667462","2026-03-05","Facebook","泰熙爾 札娜寶石學院 - 世界各式彩寶.原礦批發 - 代客切磨 . 教學     Tahir Zainab Gems & Rough of World","守財護主｜貔貅瑞獸20260306f10fb","1","Reel","https://www.facebook.com/reel/916981141059183/","1627804834169159_1402209845252293","118","0","0"
"667227","2026-03-04","Instagram","tzgems1111","情人寵粉會員優惠20260305g29ig","1","Reel","https://www.instagram.com/reel/DVfzf-eEUS3/","17960920739908089","14","0","0"
"667219","2026-03-04","Facebook","泰熙爾 札娜寶石學院 - 世界各式彩寶.原礦批發 - 代客切磨 . 教學     Tahir Zainab Gems & Rough of World","情人寵粉會員優惠20260305g29fb","1","Reel","https://www.facebook.com/reel/26461215420169253/","1627804834169159_1401594418647169","112","0","0"
"667216","2026-03-04","Instagram","tzgems1111","天然海紋石｜手串 ｜吊墜20260304g28ig","1","Reel","https://www.instagram.com/reel/DVdOuW_kVsi/","18083449916215893","27","0","0"
"667214","2026-03-04","Facebook","泰熙爾 札娜寶石學院 - 世界各式彩寶.原礦批發 - 代客切磨 . 教學     Tahir Zainab Gems & Rough of World","天然海紋石｜手串 ｜吊墜20260304g28fb","1","Reel","https://www.facebook.com/reel/2015336102363562/","1627804834169159_1400808752059069","108","0","0"
"665981","2026-02-26","Instagram","tzgems1111","白色情人｜幻彩歐泊20260227f09ig","1","Reel","https://www.instagram.com/reel/DVQmAlIj1TY/","18094340839971949","27","0","0"
"665980","2026-02-26","Facebook","泰熙爾 札娜寶石學院 - 世界各式彩寶.原礦批發 - 代客切磨 . 教學     Tahir Zainab Gems & Rough of World","白色情人｜幻彩歐泊20260227f09fb","1","Reel","https://www.facebook.com/reel/1653969592301558/","1627804834169159_1396550129151598","73","0","0"
"665977","2026-02-26","Instagram","tzgems1111","幸福顯化｜招財招桃花20260227f08ig","1","Reel","https://www.instagram.com/reel/DVQlASED7x8/","18343778080211025","79","0","0"
"665975","2026-02-26","Facebook","泰熙爾 札娜寶石學院 - 世界各式彩寶.原礦批發 - 代客切磨 . 教學     Tahir Zainab Gems & Rough of World","幸福顯化｜招財招桃花20260227f08fb","1","Reel","https://www.facebook.com/reel/1614155139752889/","1627804834169159_1396548005818477","128","0","0"
"665972","2026-02-26","Instagram","tzgems1111","絕地尖晶石｜925戒指｜限量買石送戒20260227f07ig","1","Reel","https://www.instagram.com/reel/DVQmhYBD2Os/","17973894944843511","11","0","0"
"665971","2026-02-26","Facebook","泰熙爾 札娜寶石學院 - 世界各式彩寶.原礦批發 - 代客切磨 . 教學     Tahir Zainab Gems & Rough of World","絕地尖晶石｜925戒指｜限量買石送戒20260227f07fb","1","Reel","https://www.facebook.com/reel/1331164882505083/","1627804834169159_1396552832484661","60","0","0"
"665968","2026-02-26","Instagram","tzgems1111","自帶光芒｜手鏈｜天然歐泊20260303g27ig","1","Reel","https://www.instagram.com/reel/DVap6olkc2a/","18132710821520049","51","0","0"
"665941","2026-02-26","Facebook","泰熙爾 札娜寶石學院 - 世界各式彩寶.原礦批發 - 代客切磨 . 教學     Tahir Zainab Gems & Rough of World","自帶光芒｜手鏈｜天然歐泊20260303g27fb","1","Reel","https://www.facebook.com/reel/756811170581670/","1627804834169159_1399944895478788","119","0","0"
"665935","2026-02-26","Instagram","tzgems1111","招財旺事業｜平步青雲｜手串20260302g26ig","1","Reel","https://www.instagram.com/reel/DVYFH66EYda/","18085856441465705","55","0","0"
"665934","2026-02-26","Facebook","泰熙爾 札娜寶石學院 - 世界各式彩寶.原礦批發 - 代客切磨 . 教學     Tahir Zainab Gems & Rough of World","招財旺事業｜平步青雲｜手串20260302g26fb","1","Reel","https://www.facebook.com/reel/1244951887058368/","1627804834169159_1399093398897271","171","0","0"
"665875","2026-02-26","Instagram","tzgems1111","(皇冠)祖母綠戒指 母女對戒20260301g25ig","1","Reel","https://www.instagram.com/reel/DVU9-8Rkc24/","18103743589860726","5","0","0"
"665874","2026-02-26","Facebook","泰熙爾 札娜寶石學院 - 世界各式彩寶.原礦批發 - 代客切磨 . 教學     Tahir Zainab Gems & Rough of World","(皇冠)祖母綠戒指 母女對戒20260301g25fb","1","Reel","https://www.facebook.com/reel/1258074572937915/","1627804834169159_1398055889001022","10","0","0"
"665821","2026-02-26","Instagram","tzgems1111","能量寶石｜彩寶20260228g24ig","1","Reel","https://www.instagram.com/reel/DVSZLztEcZ3/","17870293485558564","37","0","0"
"665815","2026-02-26","Facebook","泰熙爾 札娜寶石學院 - 世界各式彩寶.原礦批發 - 代客切磨 . 教學     Tahir Zainab Gems & Rough of World","能量寶石｜彩寶20260228g24fb","1","Reel","https://www.facebook.com/reel/931480252961378/","1627804834169159_1397178105755467","82","0","0"
"665812","2026-02-26","Instagram","tzgems1111","幸運守護｜四葉草手鍊20260227g23ig","1","Reel","https://www.instagram.com/reel/DVQWxtakZQe/","18066535667280991","181","0","0"
"665809","2026-02-26","Facebook","泰熙爾 札娜寶石學院 - 世界各式彩寶.原礦批發 - 代客切磨 . 教學     Tahir Zainab Gems & Rough of World","幸運守護｜四葉草手鍊20260227g23fb","1","Reel","https://www.facebook.com/reel/785261311291413/","1627804834169159_1396259399180671","61","0","0"
"665789","2026-02-26","Instagram","tzgems1111","925銀|透輝石&坦桑石 耳釘20260226g22ig","1","Reel","https://www.instagram.com/reel/DVNx_RGkoIn/","17875081809532517","128","0","0"
"665788","2026-02-26","Facebook","泰熙爾 札娜寶石學院 - 世界各式彩寶.原礦批發 - 代客切磨 . 教學     Tahir Zainab Gems & Rough of World","925銀|透輝石&坦桑石 耳釘20260226g22fb","1","Reel","https://www.facebook.com/reel/922982326753893/","1627804834169159_1395507085922569","245","0","0"
"665570","2026-02-25","Instagram","tzgems1111","天然橄欖石吊墜｜豪華鑲嵌系列20260225g21ig","1","Reel","https://www.instagram.com/reel/DVLNGm3EbVC/","17913814209324309","13","0","0"
"665568","2026-02-25","Facebook","泰熙爾 札娜寶石學院 - 世界各式彩寶.原礦批發 - 代客切磨 . 教學     Tahir Zainab Gems & Rough of World","天然橄欖石吊墜｜豪華鑲嵌系列20260225g21fb","1","Reel","https://www.facebook.com/reel/2215610495512522/","1627804834169159_1394625742677370","56","0","0"
"664452","2026-02-16","Instagram","tzgems1111","紅運整年套組｜鴿血紅 木佐綠 超聖海藍寶 ｜平替首選20260216g20ig","1","Reel","https://www.instagram.com/reel/DU0UbfRjyv7/","18075655835079182","15","0","0"
"664450","2026-02-16","Facebook","泰熙爾 札娜寶石學院 - 世界各式彩寶.原礦批發 - 代客切磨 . 教學     Tahir Zainab Gems & Rough of World","紅運整年套組｜鴿血紅 木佐綠 超聖海藍寶 ｜平替首選20260216g20fb","1","Reel","https://www.facebook.com/reel/1652755606090649/","1627804834169159_1386844300122181","56","0","0"
"664140","2026-02-13","Instagram","tzgems1111","聖瑪麗亞｜天然海藍寶｜裸石20260220f06ig","1","Reel","https://www.instagram.com/reel/DU-lLAfj7WM/","18172861516388658","83","0","0"
"664138","2026-02-13","Facebook","泰熙爾 札娜寶石學院 - 世界各式彩寶.原礦批發 - 代客切磨 . 教學     Tahir Zainab Gems & Rough of World","聖瑪麗亞｜天然海藍寶｜裸石20260220f06fb","1","Reel","https://www.facebook.com/reel/907858262062722/","1627804834169159_1390320529774558","178","0","0"
"664128","2026-02-13","Instagram","tzgems1111","天然祖母綠｜Vivid Green等級｜裸石20260220f05ig","1","Reel","https://www.instagram.com/reel/DU-j2vCjyiF/","17932821942188135","15","0","0"
"664127","2026-02-13","Facebook","泰熙爾 札娜寶石學院 - 世界各式彩寶.原礦批發 - 代客切磨 . 教學     Tahir Zainab Gems & Rough of World","天然祖母綠｜Vivid Green等級｜裸石20260220f05fb","1","Reel","https://www.facebook.com/reel/913869741228755/","1627804834169159_1390315509775060","38","0","0"
"664124","2026-02-13","Instagram","tzgems1111","女王氣場｜珍珠項鍊20260220f04ig","1","Reel","https://www.instagram.com/reel/DU-jT2YDwIC/","18057449651393345","25","0","0"
"664122","2026-02-13","Facebook","泰熙爾 札娜寶石學院 - 世界各式彩寶.原礦批發 - 代客切磨 . 教學     Tahir Zainab Gems & Rough of World","女王氣場｜珍珠項鍊20260220f04fb","1","Reel","https://www.facebook.com/reel/951736587808737/","1627804834169159_1390310203108924","47","0","0"
"664117","2026-02-13","Instagram","tzgems1111","橄欖石黑碧璽｜裸石20260213f01ig","1","Reel","https://www.instagram.com/reel/DUsk4G_D_7b/","17960924405901477","47","0","0"
"664010","2026-02-13","Instagram","tzgems1111","開運招財組💰20260213f03ig","1","Reel","https://www.instagram.com/reel/DUsjYsQD_t5/","18306762397281452","49","0","0"
"663992","2026-02-13","Facebook","泰熙爾 札娜寶石學院 - 世界各式彩寶.原礦批發 - 代客切磨 . 教學     Tahir Zainab Gems & Rough of World","開運招財組💰20260213f03fb","1","Reel","https://www.facebook.com/reel/1447651446752884/","1627804834169159_1384032047070073","220","0","0"
"663990","2026-02-13","Instagram","tzgems1111","旺財寶石🔴紅紫金20260213f02ig","1","Reel","https://www.instagram.com/reel/DUsgnTZDzeq/","18559503622033198","45","0","0"
"663989","2026-02-13","Facebook","泰熙爾 札娜寶石學院 - 世界各式彩寶.原礦批發 - 代客切磨 . 教學     Tahir Zainab Gems & Rough of World","旺財寶石🔴紅紫金20260213f02fb","1","Reel","https://www.facebook.com/reel/1696577191705103/","1627804834169159_1384016927071585","128","0","0"
"663988","2026-02-13","Instagram","tzgems1111","橄欖石黑碧璽｜裸石20260213f01ig","1","Reel","https://www.instagram.com/reel/DUsjYsQD_t5/","18306762397281452","0","0","0"
"663987","2026-02-13","Facebook","泰熙爾 札娜寶石學院 - 世界各式彩寶.原礦批發 - 代客切磨 . 教學     Tahir Zainab Gems & Rough of World","橄欖石黑碧璽｜裸石20260213f01fb","1","Reel","https://www.facebook.com/reel/4405831949645850/","1627804834169159_1384041613735783","76","0","0"
"663902","2026-02-12","Instagram","tzgems1111","招商代理20260221x02ig","1","Reel","https://www.instagram.com/reel/DVA56fJDyMr/","17853196806624417","69","0","0"
"663900","2026-02-12","Facebook","泰熙爾 札娜寶石學院 - 世界各式彩寶.原礦批發 - 代客切磨 . 教學     Tahir Zainab Gems & Rough of World","招商代理20260221x02fb","1","Reel","https://www.facebook.com/reel/4321572714829890/","1627804834169159_1390934873046457","294","0","0"
"663897","2026-02-12","Instagram","tzgems1111","招商代理20260214x01ig","1","Reel","https://www.instagram.com/reel/DUu4cNRDxpa/","17922901311230762","56","0","0"
"663893","2026-02-12","Facebook","泰熙爾 札娜寶石學院 - 世界各式彩寶.原礦批發 - 代客切磨 . 教學     Tahir Zainab Gems & Rough of World","招商代理20260214x01fb","1","Reel","https://www.facebook.com/reel/1651939359309595/","1627804834169159_1384696470336964","89","0","0"
"663831","2026-02-12","Instagram","tzgems1111","斑彩菊石｜裸石｜寵粉20260212g20ig","1","Reel","https://www.instagram.com/reel/DUpu2mZD7zP/","18109464577734512","16","0","0"
"663825","2026-02-12","Facebook","泰熙爾 札娜寶石學院 - 世界各式彩寶.原礦批發 - 代客切磨 . 教學     Tahir Zainab Gems & Rough of World","斑彩菊石｜裸石｜寵粉20260212g20fb","1","Reel","https://www.facebook.com/reel/896644203075709/","1627804834169159_1383099587163319","62","0","0"
"663249","2026-02-10","Instagram","tzgems1111","簡約日系墜飾｜帝王紫水晶 & 威士忌黃水晶20260224g19ig","1","Reel","https://www.instagram.com/reel/DVIoZ4ykWhC/","18000470804896903","21","0","0"
"663248","2026-02-10","Facebook","泰熙爾 札娜寶石學院 - 世界各式彩寶.原礦批發 - 代客切磨 . 教學     Tahir Zainab Gems & Rough of World","簡約日系墜飾｜帝王紫水晶 & 威士忌黃水晶20260224g19fb","1","Reel","https://www.facebook.com/reel/3248390621988592/","1627804834169159_1393729979433613","53","0","0"
"663247","2026-02-10","Instagram","tzgems1111","天然琥珀｜能量守護選品20260223g18ig","1","Reel","https://www.instagram.com/reel/DVGDmnsETOW/","18058098026360838","106","0","0"
"663246","2026-02-10","Facebook","泰熙爾 札娜寶石學院 - 世界各式彩寶.原礦批發 - 代客切磨 . 教學     Tahir Zainab Gems & Rough of World","天然琥珀｜能量守護選品20260223g18fb","1","Reel","https://www.facebook.com/reel/2742041422816284/","1627804834169159_1392858979520713","169","0","0"
"663241","2026-02-10","Instagram","tzgems1111","招財旺事業｜平步青雲｜手串20260222g17ig","1","Reel","https://www.instagram.com/reel/DVDeweXEbzM/","17929803393195002","84","0","0"
"663240","2026-02-10","Facebook","泰熙爾 札娜寶石學院 - 世界各式彩寶.原礦批發 - 代客切磨 . 教學     Tahir Zainab Gems & Rough of World","招財旺事業｜平步青雲｜手串20260222g17fb","1","Reel","https://www.facebook.com/reel/945113488084402/","1627804834169159_1391862456287032","125","0","0"
"663238","2026-02-10","Instagram","tzgems1111","穩定溫和磁場｜天然鉍晶體20260221g16ig","1","Reel","https://www.instagram.com/reel/DVA58ubERbh/","17980762403974482","166","0","0"
"663237","2026-02-10","Facebook","泰熙爾 札娜寶石學院 - 世界各式彩寶.原礦批發 - 代客切磨 . 教學     Tahir Zainab Gems & Rough of World","穩定溫和磁場｜天然鉍晶體20260221g16fb","1","Reel","https://www.facebook.com/reel/1463785125388535/","1627804834169159_1390934979713113","289","0","0"
"663235","2026-02-10","Instagram","tzgems1111","極光彩蘊｜藍月光20260220g15ig","1","Reel","https://www.instagram.com/reel/DU-VJ2GEQmV/","18067547564646659","31","0","0"
"663234","2026-02-10","Facebook","泰熙爾 札娜寶石學院 - 世界各式彩寶.原礦批發 - 代客切磨 . 教學     Tahir Zainab Gems & Rough of World","極光彩蘊｜藍月光20260220g15fb","1","Reel","https://www.facebook.com/reel/1665379634831028/","1627804834169159_1390233163116628","65","0","0"
"663233","2026-02-10","Instagram","tzgems1111","天然海紋石｜手串 / 吊墜20260219g14ig","1","Reel","https://www.instagram.com/reel/DU7wbTMkdQL/","17936135529015781","24","0","0"
"663232","2026-02-10","Facebook","泰熙爾 札娜寶石學院 - 世界各式彩寶.原礦批發 - 代客切磨 . 教學     Tahir Zainab Gems & Rough of World","天然海紋石｜手串 / 吊墜20260219g14fb","1","Reel","https://www.facebook.com/reel/1209607101160339/","1627804834169159_1389370863202858","79","0","0"
"663231","2026-02-10","Instagram","tzgems1111","皇家奢華｜紫水晶吊墜20260218g13ig","1","Reel","https://www.instagram.com/reel/DU5LmEtjwAh/","17844033687691053","29","0","0"
"663229","2026-02-10","Facebook","泰熙爾 札娜寶石學院 - 世界各式彩寶.原礦批發 - 代客切磨 . 教學     Tahir Zainab Gems & Rough of World","皇家奢華｜紫水晶吊墜20260218g13fb","1","Reel","https://www.facebook.com/reel/1463493768613473/","1627804834169159_1388510929955518","73","0","0"
"663225","2026-02-10","Instagram","tzgems1111","晶體通透｜閃靈流沙水膽原礦20260217g12ig","1","Reel","https://www.instagram.com/reel/DU2mwqYESwe/","18036366290557159","38","0","0"
"663224","2026-02-10","Facebook","泰熙爾 札娜寶石學院 - 世界各式彩寶.原礦批發 - 代客切磨 . 教學     Tahir Zainab Gems & Rough of World","晶體通透｜閃靈流沙水膽原礦20260217g12fb","1","Reel","https://www.facebook.com/reel/1482972407169290/","1627804834169159_1387615236711754","46","0","0"
"663221","2026-02-10","Instagram","tzgems1111","寵粉彩虹黑曜岩手串 ＆ 貓眼彩曜｜隱形寶石中的守護神20260216g11ig","1","Reel","https://www.instagram.com/reel/DU0CBuqkV4t/","17848130202681424","29","0","0"
"663218","2026-02-10","Facebook","泰熙爾 札娜寶石學院 - 世界各式彩寶.原礦批發 - 代客切磨 . 教學     Tahir Zainab Gems & Rough of World","寵粉彩虹黑曜岩手串 ＆ 貓眼彩曜｜隱形寶石中的守護神20260216g11fb","1","Reel","https://www.facebook.com/reel/881219674704366/","1627804834169159_1386738776799400","96","0","0"
"663217","2026-02-10","Instagram","tzgems1111","招財之石｜金運石吊墜20260215g10ig","1","Reel","https://www.instagram.com/reel/DUxdKCyD1cS/","18079786031350156","90","0","0"
"663214","2026-02-10","Facebook","泰熙爾 札娜寶石學院 - 世界各式彩寶.原礦批發 - 代客切磨 . 教學     Tahir Zainab Gems & Rough of World","招財之石｜金運石吊墜20260215g10fb","1","Reel","https://www.facebook.com/reel/766912633154412/","1627804834169159_1385638496909428","191","0","0"
"663213","2026-02-10","Instagram","tzgems1111","黑金超七｜項鏈（星輝骨幹）20260214g09ig","1","Reel","https://www.instagram.com/reel/DUu4W-HEUpA/","18126130258533918","101","0","0"
"663207","2026-02-10","Facebook","泰熙爾 札娜寶石學院 - 世界各式彩寶.原礦批發 - 代客切磨 . 教學     Tahir Zainab Gems & Rough of World","黑金超七｜項鏈（星輝骨幹）20260214g09fb","1","Reel","https://www.facebook.com/reel/1980628416199034/","1627804834169159_1384696460336965","432","0","0"
"663204","2026-02-10","Instagram","tzgems1111","太陽之石｜橄欖石｜手鍊20260213g08ig","1","Reel","https://www.instagram.com/reel/DUsTnz1DxbS/","17874941328508520","107","0","0"
"663203","2026-02-10","Facebook","泰熙爾 札娜寶石學院 - 世界各式彩寶.原礦批發 - 代客切磨 . 教學     Tahir Zainab Gems & Rough of World","太陽之石｜橄欖石｜手鍊20260213g08fb","1","Reel","https://www.facebook.com/reel/1226527722996130/","1627804834169159_1383942670412344","190","0","0"
"663202","2026-02-10","Instagram","","CP值最高小資首選｜莫桑鑽(白/水藍）20260212g07ig","0","","","","0","0","0"
"663201","2026-02-10","Facebook","","CP值最高小資首選｜莫桑鑽(白/水藍）20260212g07fb","0","","","","0","0","0"
"663199","2026-02-10","Instagram","tzgems1111","幸運守護｜四葉草手鍊20260211g06ig","1","Reel","https://www.instagram.com/reel/DUnKCnwkaJM/","18054620327420180","255","0","0"
"663198","2026-02-10","Facebook","泰熙爾 札娜寶石學院 - 世界各式彩寶.原礦批發 - 代客切磨 . 教學     Tahir Zainab Gems & Rough of World","幸運守護｜四葉草手鍊20260211g06fb","1","Reel","https://www.facebook.com/reel/2433281677104824/","1627804834169159_1382206223919322","164","0","0"
"663196","2026-02-10","Instagram","tzgems1111","CP值最高小資首選｜莫桑鑽(白/水藍）20260210g05ig","1","Reel","https://www.instagram.com/reel/DUk3Rxjjylg/","18343927747233930","35","0","0"
"663193","2026-02-10","Facebook","泰熙爾 札娜寶石學院 - 世界各式彩寶.原礦批發 - 代客切磨 . 教學     Tahir Zainab Gems & Rough of World","CP值最高小資首選｜莫桑鑽(白/水藍）20260210g05fb","1","Reel","https://www.facebook.com/reel/1611325736850695/","1627804834169159_1381427793997165","111","0","0"
"663091","2026-02-09","Instagram","tzgems1111","紅運整年套組｜鴿血石平替｜首選石榴石 20260206g04ig","1","Reel","https://www.instagram.com/reel/DUiOteiDH6w/","18034077953574182","13","0","0"
"663087","2026-02-09","Facebook","泰熙爾 札娜寶石學院 - 世界各式彩寶.原礦批發 - 代客切磨 . 教學     Tahir Zainab Gems & Rough of World","紅運整年套組｜鴿血石平替｜首選石榴石紅運整年套組｜鴿血石平替｜首選石榴石 20260206g04fb","1","Reel","https://www.facebook.com/reel/1242017401365746/","1627804834169159_1380455427427735","29","0","0"
"663065","2026-02-09","Instagram","tzgems1111","自帶光芒・天然歐泊手鏈 20260206g03ig","1","Reel","https://www.instagram.com/reel/DUiIIdfjHik/","18099161275904273","29","0","0"
"663064","2026-02-09","Facebook","泰熙爾 札娜寶石學院 - 世界各式彩寶.原礦批發 - 代客切磨 . 教學     Tahir Zainab Gems & Rough of World","自帶光芒・天然歐泊手鏈 20260206g03fb","1","Reel","https://www.facebook.com/reel/3866406643493774/","1627804834169159_1380419337431344","42","0","0"
"663062","2026-02-09","Facebook","","自帶光芒・天然歐泊手鏈 20260206g03fb","0","","","","0","0","0"
"662454","2026-02-06","Instagram","tzgems1111","過年帶什麼珠寶適合20260206g02ig","1","Reel","https://www.instagram.com/reel/DUaiXd5jArM/","18568986391056258","38","0","0"
"662453","2026-02-06","Facebook","泰熙爾 札娜寶石學院 - 世界各式彩寶.原礦批發 - 代客切磨 . 教學     Tahir Zainab Gems & Rough of World","過年帶什麼珠寶適合20260206g02fb","1","Reel","https://www.facebook.com/reel/1484044183394069/","1627804834169159_1377664481040163","113","0","0"
"662446","2026-02-06","Instagram","tzgems1111","天然琥珀｜能量守護選品20260206g01ig","1","Reel","https://www.instagram.com/reel/DUail-7jJU4/","18085304756156991","57","0","0"
"662444","2026-02-06","Facebook","泰熙爾 札娜寶石學院 - 世界各式彩寶.原礦批發 - 代客切磨 . 教學     Tahir Zainab Gems & Rough of World","天然琥珀｜能量守護選品20260206g01fb","1","Reel","https://www.facebook.com/reel/1661753805236038/","1627804834169159_1377666227706655","313","0","0"
"661719","2026-02-04","Instagram","tzgems1111","收藏入門｜精選彩寶A26","2","Reel","https://www.instagram.com/reel/DUahtFrjE2d/
https://www.instagram.com/reel/DUaiCnrjCKB/","18110706943639289
18106947442814506","251","0","0"
"661717","2026-02-04","Facebook","泰熙爾 札娜寶石學院 - 世界各式彩寶.原礦批發 - 代客切磨 . 教學     Tahir Zainab Gems & Rough of World","收藏入門｜精選彩寶A26","1","Reel","https://www.facebook.com/reel/3139616962915666/","1627804834169159_1377662154373729","516","0","0"
"660294","2026-01-30","Instagram","tzgems1111","倫敦藍拓帕｜方枕型裸石z14","1","Reel","https://www.instagram.com/reel/DUSjrBTgcSI/","17858216454605612","142","0","0"
"660292","2026-01-30","Facebook","泰熙爾 札娜寶石學院 - 世界各式彩寶.原礦批發 - 代客切磨 . 教學     Tahir Zainab Gems & Rough of World","倫敦藍拓帕｜方枕型裸石z14","1","Reel","https://www.facebook.com/reel/2098663117623789/","1627804834169159_1374733464666598","194","0","0"
"660282","2026-01-30","Instagram","tzgems1111","925銀|透輝石&坦桑石 耳釘a25","1","Reel","https://www.instagram.com/reel/DUIkBZuD1El/","17868318738458963","63","0","0"
"660281","2026-01-30","Facebook","泰熙爾 札娜寶石學院 - 世界各式彩寶.原礦批發 - 代客切磨 . 教學     Tahir Zainab Gems & Rough of World","925銀|透輝石&坦桑石 耳釘a25","1","Reel","https://www.facebook.com/reel/857853087248716/","1627804834169159_1371564528316825","245","0","0"
"660279","2026-01-30","Instagram","tzgems1111","橄欖石方形｜萬用扣頭吊墜a24","1","Reel","https://www.instagram.com/reel/DUIiw6KD0Gn/","17908443096334833","9","0","0"
"660278","2026-01-30","Facebook","泰熙爾 札娜寶石學院 - 世界各式彩寶.原礦批發 - 代客切磨 . 教學     Tahir Zainab Gems & Rough of World","橄欖石方形｜萬用扣頭吊墜a24","1","Reel","https://www.facebook.com/reel/1456986186436440/","1627804834169159_1371556071651004","29","0","0"
"660275","2026-01-30","Instagram","tzgems1111","星型花式切割｜耳釘a23","1","Reel","https://www.instagram.com/reel/DUIjHe2j-58/","18361858816166834","15","0","0"
"660273","2026-01-30","Facebook","泰熙爾 札娜寶石學院 - 世界各式彩寶.原礦批發 - 代客切磨 . 教學     Tahir Zainab Gems & Rough of World","星型花式切割｜耳釘a23","1","Reel","https://www.facebook.com/reel/1460725762064465/","1627804834169159_1371558098317468","27","0","0"
"660271","2026-01-30","Instagram","tzgems1111","平步青雲｜手串｜寵粉z19","1","Reel","https://www.instagram.com/reel/DUfbtCDDdFi/","18105713686762844","142","0","0"
"660269","2026-01-30","Facebook","泰熙爾 札娜寶石學院 - 世界各式彩寶.原礦批發 - 代客切磨 . 教學     Tahir Zainab Gems & Rough of World","平步青雲｜手串｜寵粉z19","1","Reel","https://www.facebook.com/reel/1924346898288355/","1627804834169159_1379433880863223","370","0","0"
"660266","2026-01-30","Instagram","tzgems1111","阿富汗天然海水藍寶z18","1","Reel","https://www.instagram.com/reel/DUc229qjYrb/","18109460605737595","12","0","0"
"660263","2026-01-30","Facebook","泰熙爾 札娜寶石學院 - 世界各式彩寶.原礦批發 - 代客切磨 . 教學     Tahir Zainab Gems & Rough of World","阿富汗天然海水藍寶z18","1","Reel","https://www.facebook.com/reel/872651832239974/","1627804834169159_1378505950956016","94","0","0"
"660260","2026-01-30","Instagram","tzgems1111","(皇冠)祖母綠戒指 母女對戒z17","1","Reel","https://www.instagram.com/reel/DUaSELkAOxE/","17939571963117745","6","0","0"
"660258","2026-01-30","Facebook","泰熙爾 札娜寶石學院 - 世界各式彩寶.原礦批發 - 代客切磨 . 教學     Tahir Zainab Gems & Rough of World","(皇冠)祖母綠戒指 母女對戒z17","1","Reel","https://www.facebook.com/reel/1889978061646505/","1627804834169159_1377553361051275","1","0","0"
"660255","2026-01-30","Instagram","tzgems1111","珠寶等級紫水晶限量登場!z16","1","Reel","https://www.instagram.com/reel/DUXtUKFAG6d/","18091554974059717","91","0","0"
"660252","2026-01-30","Facebook","泰熙爾 札娜寶石學院 - 世界各式彩寶.原礦批發 - 代客切磨 . 教學     Tahir Zainab Gems & Rough of World","珠寶等級紫水晶限量登場!z16","1","Reel","https://www.facebook.com/reel/1312518777590063/","1627804834169159_1376613971145214","65","0","0"
"660245","2026-01-30","Instagram","tzgems1111","視頻同款海龜項鍊!來了z15","1","Reel","https://www.instagram.com/reel/DUVIjezD4gh/","18030830621786535","10","0","0"
"660241","2026-01-30","Facebook","泰熙爾 札娜寶石學院 - 世界各式彩寶.原礦批發 - 代客切磨 . 教學     Tahir Zainab Gems & Rough of World","視頻同款海龜項鍊!來了z15","1","Reel","https://www.facebook.com/reel/2517111982019333/","1627804834169159_1375625084577436","2","0","0"
"659288","2026-01-27","Instagram","tzgems1111","小資珠寶 寵粉EP.1 心型托帕石z13","1","Reel","https://www.instagram.com/reel/DUP-9mqjGb0/","18377092807081063","26","0","0"
"659283","2026-01-27","Facebook","泰熙爾 札娜寶石學院 - 世界各式彩寶.原礦批發 - 代客切磨 . 教學     Tahir Zainab Gems & Rough of World","小資珠寶 寵粉EP.1 心型托帕石z13","1","Reel","https://www.facebook.com/reel/834142263005941/","1627804834169159_1373915721415039","84","0","0"
"659280","2026-01-27","Instagram","tzgems1111","天然變彩歐泊墜飾1z12","1","Reel","https://www.instagram.com/reel/DUNaJy_EUBD/","17938288232998131","4","0","0"
"659277","2026-01-27","Facebook","泰熙爾 札娜寶石學院 - 世界各式彩寶.原礦批發 - 代客切磨 . 教學     Tahir Zainab Gems & Rough of World","天然變彩歐泊墜飾1z12","1","Reel","https://www.facebook.com/reel/3455165787968882/","1627804834169159_1373140928159185","7","0","0"
"659274","2026-01-27","Instagram","tzgems1111","天然海紋石｜手串 / 吊墜z11","1","Reel","https://www.instagram.com/reel/DUK1XeMFI-r/","18386976913145567","17","0","0"
"659273","2026-01-27","Facebook","泰熙爾 札娜寶石學院 - 世界各式彩寶.原礦批發 - 代客切磨 . 教學     Tahir Zainab Gems & Rough of World","天然海紋石｜手串 / 吊墜z11","1","Reel","https://www.facebook.com/reel/1471459501656400/","1627804834169159_1372345941572017","21","0","0"
"659272","2026-01-27","Instagram","tzgems1111","夢幻龍紋｜紫龍晶z10","1","Reel","https://www.instagram.com/reel/DUIQgr3gQuG/","18065735459243042","21","0","0"
"659268","2026-01-27","Facebook","泰熙爾 札娜寶石學院 - 世界各式彩寶.原礦批發 - 代客切磨 . 教學     Tahir Zainab Gems & Rough of World","夢幻龍紋｜紫龍晶z10","1","Reel","https://www.facebook.com/reel/1523025995436711/","1627804834169159_1371452171661394","35","0","0"
"659267","2026-01-27","Instagram","tzgems1111","巴基斯坦｜閃靈流沙水膽原礦z09","1","Reel","https://www.instagram.com/reel/DUFru56j-n8/","18133216960443369","15","0","0"
"659266","2026-01-27","Facebook","泰熙爾 札娜寶石學院 - 世界各式彩寶.原礦批發 - 代客切磨 . 教學     Tahir Zainab Gems & Rough of World","巴基斯坦｜閃靈流沙水膽原礦z09","1","Reel","https://www.facebook.com/reel/862267999958558/","1627804834169159_1370561895083755","34","0","0"
"659264","2026-01-27","Instagram","tzgems1111","夢幻組合｜紫水晶吊墜｜藍月光耳針z08","1","Reel","https://www.instagram.com/reel/DUDG8H5ADsW/","18085549286146793","14","0","0"
"659262","2026-01-27","Facebook","泰熙爾 札娜寶石學院 - 世界各式彩寶.原礦批發 - 代客切磨 . 教學     Tahir Zainab Gems & Rough of World","夢幻組合｜紫水晶吊墜｜藍月光耳針z08","1","Reel","https://www.facebook.com/reel/1233171045409083/","1627804834169159_1369682685171676","13","0","0"
"659258","2026-01-27","Instagram","tzgems1111","彩虹色光｜阿富汗糖果碧璽珍珠手鏈z07","1","Reel","https://www.instagram.com/reel/DUAiHaFCPgo/","17963525876881368","33","0","0"
"659256","2026-01-27","Facebook","泰熙爾 札娜寶石學院 - 世界各式彩寶.原礦批發 - 代客切磨 . 教學     Tahir Zainab Gems & Rough of World","彩虹色光｜阿富汗糖果碧璽珍珠手鏈z07","1","Reel","https://www.facebook.com/reel/1372772460990327/","1627804834169159_1368824811924130","32","0","0"
"658998","2026-01-26","Instagram","tzgems1111","天然琥珀｜能量守護選品Z06","1","Reel","https://www.instagram.com/reel/DT99XfbjTIU/","17914786215273070","34","0","0"
"658997","2026-01-26","Facebook","泰熙爾 札娜寶石學院 - 世界各式彩寶.原礦批發 - 代客切磨 . 教學     Tahir Zainab Gems & Rough of World","天然琥珀｜能量守護選品Z06","1","Reel","https://www.facebook.com/reel/1592206111915519/","1627804834169159_1367944158678862","181","0","0"
"658449","2026-01-23","Facebook","泰熙爾 札娜寶石學院 - 世界各式彩寶.原礦批發 - 代客切磨 . 教學     Tahir Zainab Gems & Rough of World","限時寵粉-貴氣紫水晶A22","1","Reel","https://www.facebook.com/reel/1598511041155545/","1627804834169159_1365263198946958","91","0","0"
"658445","2026-01-23","Instagram","tzgems1111","限時寵粉-貴氣紫水晶A22","1","Reel","https://www.instagram.com/reel/DT2cpNAj0fc/","17988645779761153","62","0","0"
"658443","2026-01-23","Facebook","","寵粉專區-黑曜岩手串A21","0","","","","0","0","0"
"658442","2026-01-23","Instagram","","寵粉專區-黑曜岩手串A21","0","","","","0","0","0"
"658427","2026-01-23","Instagram","tzgems1111","平步青雲加強版｜金運石＆綠幽靈A20","1","Reel","https://www.instagram.com/reel/DT2d3TQjzBr/","17992175672914781","26","0","0"
"658424","2026-01-23","Facebook","泰熙爾 札娜寶石學院 - 世界各式彩寶.原礦批發 - 代客切磨 . 教學     Tahir Zainab Gems & Rough of World","平步青雲加強版｜金運石＆綠幽靈A20","1","Reel","https://www.facebook.com/reel/4203891729875928/","1627804834169159_1365270268946251","125","0","0"
"658423","2026-01-23","Instagram","tzgems1111","極光映月｜水晶歐泊耳釘A19","1","Reel","https://www.instagram.com/reel/DT2bLj3jx3D/","18336287908212073","9","0","0"
"658421","2026-01-23","Facebook","泰熙爾 札娜寶石學院 - 世界各式彩寶.原礦批發 - 代客切磨 . 教學     Tahir Zainab Gems & Rough of World","極光映月｜水晶歐泊耳釘A19","1","Reel","https://www.facebook.com/reel/1372588024195526/","1627804834169159_1365256442280967","18","0","0"
"658054","2026-01-22","Instagram","tzgems1111","自帶光芒・天然歐泊手鏈z05","1","Reel","https://www.instagram.com/reel/DT7Qc0blCq4/","18010840172818198","23","0","0"
"658053","2026-01-22","Facebook","泰熙爾 札娜寶石學院 - 世界各式彩寶.原礦批發 - 代客切磨 . 教學     Tahir Zainab Gems & Rough of World","自帶光芒・天然歐泊手鏈z05","1","Reel","https://www.facebook.com/reel/3822286204745879/","1627804834169159_1366904895449455","34","0","0"
"658051","2026-01-22","Instagram","tzgems1111","(水藍)寵粉莫桑鑽戒指z04","1","Reel","https://www.instagram.com/reel/DT4l68KEaOb/","18303380938261947","94","0","0"
"658050","2026-01-22","Facebook","泰熙爾 札娜寶石學院 - 世界各式彩寶.原礦批發 - 代客切磨 . 教學     Tahir Zainab Gems & Rough of World","(水藍)寵粉莫桑鑽戒指z04","1","Reel","https://www.facebook.com/reel/3044052682650352/","1627804834169159_1365943435545601","69","0","0"
"658045","2026-01-22","Instagram","tzgems1111","寵粉彩虹黑曜岩手串z03","1","Reel","https://www.instagram.com/reel/DT2AsC1CC8t/","18105490609685455","39","35","4000"
"658044","2026-01-22","Facebook","泰熙爾 札娜寶石學院 - 世界各式彩寶.原礦批發 - 代客切磨 . 教學     Tahir Zainab Gems & Rough of World","寵粉彩虹黑曜岩手串z03","1","Reel","https://www.facebook.com/reel/2081304762657009/","1627804834169159_1365130642293547","119","77","10500"
"657809","2026-01-21","Instagram","tzgems1111","十二生肖開運寶石z02","1","Reel","https://www.instagram.com/reel/DTzvw9SGD5r/","18189105061346498","41","0","0"
"657808","2026-01-21","Facebook","泰熙爾 札娜寶石學院 - 世界各式彩寶.原礦批發 - 代客切磨 . 教學     Tahir Zainab Gems & Rough of World","十二生肖開運寶石z02","1","Reel","https://www.facebook.com/reel/2219599795235311/","1627804834169159_1364413312365280","4","0","0"
"657799","2026-01-21","Instagram","tzgems1111","風信子石&透輝石(裸石)z01","1","Reel","https://www.instagram.com/reel/DTxBwtAFCYa/","17884757619327687","28","0","0"
"657798","2026-01-21","Facebook","泰熙爾 札娜寶石學院 - 世界各式彩寶.原礦批發 - 代客切磨 . 教學     Tahir Zainab Gems & Rough of World","風信子石&透輝石(裸石)z01","1","Reel","https://www.facebook.com/reel/892736719899175/","1627804834169159_1363470572459554","123","0","0"
"656612","2026-01-16","Facebook","泰熙爾 札娜寶石學院 - 世界各式彩寶.原礦批發 - 代客切磨 . 教學     Tahir Zainab Gems & Rough of World","精緻花形｜坦桑石項鍊A18","2","Reel","https://www.facebook.com/reel/25796704509946174/
https://www.facebook.com/reel/1762813491042278/","1627804834169159_1359521906187754
1627804834169159_1359522992854312","20","0","0"
"656610","2026-01-16","Instagram","tzgems1111","精緻花形｜坦桑石項鍊A18","1","Reel","https://www.instagram.com/reel/DTkYUqVj_9h/","17979108272950653","9","0","0"
"656608","2026-01-16","Facebook","泰熙爾 札娜寶石學院 - 世界各式彩寶.原礦批發 - 代客切磨 . 教學     Tahir Zainab Gems & Rough of World","自帶光芒・天然歐泊手鏈A17","1","Reel","https://www.facebook.com/reel/802803202814326/","1627804834169159_1359512402855371","53","0","0"
"656606","2026-01-16","Instagram","tzgems1111","自帶光芒・天然歐泊手鏈A17","1","Reel","https://www.instagram.com/reel/DTkWQB9Dw10/","17854037331604404","75","0","0"
"656602","2026-01-16","Facebook","泰熙爾 札娜寶石學院 - 世界各式彩寶.原礦批發 - 代客切磨 . 教學     Tahir Zainab Gems & Rough of World","限時寵粉-貴氣紫水晶A16","1","Reel","https://www.facebook.com/reel/2725985197743773/","1627804834169159_1359541096185835","109","0","0"
"656600","2026-01-16","Instagram","tzgems1111","限時寵粉-貴氣紫水晶A16","1","Reel","https://www.instagram.com/reel/DTkbOgZD1mU/","18032428292780025","76","0","0"
"656110","2026-01-15","Instagram","tzgems1111","IG天然鉍晶體D07","1","Reel","https://www.instagram.com/reel/DTunfYVjC3-/","18035965442765166","66","0","0"
"656109","2026-01-15","Instagram","tzgems1111","IG✨ 天選三石，一生守護 ✨D06","1","Reel","https://www.instagram.com/reel/DTsCpVJlJ5l/","18558156613065230","65","0","0"
"656107","2026-01-15","Instagram","tzgems1111","IG寵粉 歐泊+小螃蟹串珠項鏈｜八方好運來(預購)D05","1","Reel","https://www.instagram.com/reel/DTpd2RGjCX1/","18035814311757512","2","0","0"
"656105","2026-01-15","Instagram","tzgems1111","IG💎天然鑽石 項鍊、耳釘｜限量寵粉優惠款D04","1","Reel","https://www.instagram.com/reel/DTm5BvmFf1F/","18069329000414432","68","0","0"
"656104","2026-01-15","Instagram","tzgems1111","IG限量盲盒 · 蓮花色雙寶🌸D03","1","Reel","https://www.instagram.com/reel/DTkUOJbFFKl/","18344114857227562","27","26","0"
"656100","2026-01-15","Instagram","tzgems1111","IG天然琥珀｜能量守護選品D02","1","Reel","https://www.instagram.com/reel/DThvhogEpMA/","18170001124387730","140","0","0"
"655815","2026-01-14","Instagram","tzgems1111","IG寵粉放漏天然變彩歐泊D01","1","Reel","https://www.instagram.com/reel/DTfKo-UiOSZ/","18116031844522721","44","0","0"
"654735","2026-01-10","Instagram","tzgems1111","2026/01/10 20160110A15IG","1","Reel","https://www.instagram.com/reel/DTVJlEFD8T0/","18083306671899667","243","0","0"
"654733","2026-01-10","Facebook","泰熙爾 札娜寶石學院 - 世界各式彩寶.原礦批發 - 代客切磨 . 教學     Tahir Zainab Gems & Rough of World","2026/01/10 20260110A15FB","1","Reel","https://www.facebook.com/reel/1214610460767379/","1627804834169159_1354981139975164","233","0","0"
"654512","2026-01-09","Facebook","泰熙爾 札娜寶石學院 - 世界各式彩寶.原礦批發 - 代客切磨 . 教學     Tahir Zainab Gems & Rough of World","A13寵粉3款高CP值寶石花小錢有百萬效果","1","Reel","https://www.facebook.com/reel/4214644612123119/","1627804834169159_1354202693386342","80","0","0"
"654511","2026-01-09","Instagram","tzgems1111","A13寵粉3款高CP值寶石花小錢有百萬效果","1","Reel","https://www.instagram.com/reel/DTSkAjUD0tY/","18133530277496083","33","0","0"
"653022","2026-01-04","Facebook","泰熙爾 札娜寶石學院 - 世界各式彩寶.原礦批發 - 代客切磨 . 教學     Tahir Zainab Gems & Rough of World","925銀|透輝石&坦桑石 耳釘","1","分享貼文","https://www.facebook.com/681888940617724/posts/1350891673717444","1627804834169159_1350891673717444","63","0","0"
"653006","2026-01-04","Instagram","tzgems1111","925銀|透輝石&坦桑石 耳釘","1","照片","https://www.instagram.com/p/DTH45YxD-Hf/","18068870492567064","24","0","0"
"652590","2026-01-02","Facebook","泰熙爾 札娜寶石學院 - 世界各式彩寶.原礦批發 - 代客切磨 . 教學     Tahir Zainab Gems & Rough of World","夢幻龍紋｜紫龍晶","1","Reel","https://www.facebook.com/reel/1219995286767559/","1627804834169159_1348778030595475","270","0","0"
"652587","2026-01-02","Instagram","tzgems1111","夢幻龍紋｜紫龍晶","1","Reel","https://www.instagram.com/reel/DTAZ68Pj0h6/","18078317465195807","143","0","0"
"652585","2026-01-02","Facebook","泰熙爾 札娜寶石學院 - 世界各式彩寶.原礦批發 - 代客切磨 . 教學     Tahir Zainab Gems & Rough of World","天然海紋石｜手串 / 吊墜","1","Reel","https://www.facebook.com/reel/851173774349018/","1627804834169159_1348772447262700","70","0","0"
"652583","2026-01-02","Instagram","tzgems1111","天然海紋石｜手串 / 吊墜","1","Reel","https://www.instagram.com/reel/DTAY8JwD08G/","18090779944814871","37","0","0"
"652580","2026-01-02","Facebook","泰熙爾 札娜寶石學院 - 世界各式彩寶.原礦批發 - 代客切磨 . 教學     Tahir Zainab Gems & Rough of World","祖母綠平替首選｜天然透輝石吊墜","1","Reel","https://www.facebook.com/reel/1362245858538062/","1627804834169159_1348768223929789","124","0","0"
"652578","2026-01-02","Instagram","tzgems1111","祖母綠平替首選｜天然透輝石吊墜","1","Reel","https://www.instagram.com/reel/DTAX5rYj59d/","18427163584113029","40","0","0"
"651825","2025-12-29","Instagram","tzgems1111","跟著溱姊成為珠寶商","1","Reel","https://www.instagram.com/reel/DS2Agcrj6TL/","18324725794174042","40","0","0"
"651822","2025-12-29","Facebook","泰熙爾 札娜寶石學院 - 世界各式彩寶.原礦批發 - 代客切磨 . 教學     Tahir Zainab Gems & Rough of World","跟著溱姊成為珠寶商","1","Reel","https://www.facebook.com/reel/1808288223209263/","1627804834169159_1345583750914903","51","0","0"
"651664","2025-12-28","Facebook","泰熙爾 札娜寶石學院 - 世界各式彩寶.原礦批發 - 代客切磨 . 教學     Tahir Zainab Gems & Rough of World","20251228A07FB 18K高訂祖母綠戒指","1","Reel","https://www.facebook.com/reel/884819051080067/","1627804834169159_1344901220983156","81","0","0"
"651663","2025-12-28","Instagram","tzgems1111","20251228A07IG 18K高訂祖母綠戒指","1","Reel","https://www.instagram.com/reel/DSzlL-cjwaL/","17849660595604890","16","0","0"
"651304","2025-12-26","Facebook","泰熙爾 札娜寶石學院 - 世界各式彩寶.原礦批發 - 代客切磨 . 教學     Tahir Zainab Gems & Rough of World","紅碧璽 × Loggon 碧璽","1","Reel","https://www.facebook.com/reel/2389590134828608/","1627804834169159_1343409734465638","10","0","0"
"651300","2025-12-26","Instagram","tzgems1111","紅碧璽 × Loggon 碧璽","1","Reel","https://www.instagram.com/reel/DSuZN4Pj48s/","18071020217096187","6","0","0"
"650546","2025-12-23","Facebook","泰熙爾 札娜寶石學院 - 世界各式彩寶.原礦批發 - 代客切磨 . 教學     Tahir Zainab Gems & Rough of World","風信子石|裸石","1","Reel","https://www.facebook.com/reel/1386721762990525/","1627804834169159_1341076954698916","253","0","0"
"650543","2025-12-23","Instagram","tzgems1111","風信子石|裸石","1","Reel","https://www.instagram.com/reel/DSmq1V-DxbR/","17988753650917232","113","0","0"
"649725","2025-12-19","Facebook","泰熙爾 札娜寶石學院 - 世界各式彩寶.原礦批發 - 代客切磨 . 教學     Tahir Zainab Gems & Rough of World","阿富汗糖果碧璽手串｜彩虹色光 招財旺緣","1","Reel","https://www.facebook.com/reel/2804681356404228/","1627804834169159_1337909108349034","58","0","0"
"649722","2025-12-19","Instagram","tzgems1111","阿富汗糖果碧璽手串｜彩虹色光 招財旺緣","1","Reel","https://www.instagram.com/reel/DScUE-bj-m8/","18137715613463514","76","0","0"
"649713","2025-12-19","Facebook","泰熙爾 札娜寶石學院 - 世界各式彩寶.原礦批發 - 代客切磨 . 教學     Tahir Zainab Gems & Rough of World","巴基斯坦｜閃靈流沙水膽原礦","1","Reel","https://www.facebook.com/reel/879045991272770/","1627804834169159_1337892131684065","55","1","0"
"649708","2025-12-19","Instagram","tzgems1111","巴基斯坦｜閃靈流沙水膽原礦","1","Reel","https://www.instagram.com/reel/DScQCe9D077/","18083442335141728","67","2","0"
"647810","2025-12-12","Facebook","泰熙爾 札娜寶石學院 - 世界各式彩寶.原礦批發 - 代客切磨 . 教學     Tahir Zainab Gems & Rough of World","幸運守護 & 四葉草手鍊","1","Reel","https://www.facebook.com/reel/1362546198204346/","1627804834169159_1332386488901296","83","0","0"
"647809","2025-12-12","Instagram","tzgems1111","幸運守護 & 四葉草手鍊","1","Reel","https://www.instagram.com/reel/DSKPQNcD-Db/","18152666245424777","408","0","0"
"646067","2025-12-05","Instagram","tzgems1111","POST 2025/12/05貓眼彩曜｜隱形寶石中的守護神","1","Reel","https://www.instagram.com/reel/DR4P-hODwCm/","18006623636819237","14","0","0"
"646066","2025-12-05","Facebook","泰熙爾 札娜寶石學院 - 世界各式彩寶.原礦批發 - 代客切磨 . 教學     Tahir Zainab Gems & Rough of World","POST 2025/12/05 貓眼彩曜｜隱形寶石中的守護神","1","Reel","https://www.facebook.com/reel/1505392780688369/","1627804834169159_1326780692795209","15","0","0"
"646065","2025-12-05","Instagram","tzgems1111","POST 2025/12/05剔透純淨｜瑞士藍拓帕石","1","Reel","https://www.instagram.com/reel/DR4Q011Dw3z/","17976514772794034","281","0","0"
"646064","2025-12-05","Facebook","泰熙爾 札娜寶石學院 - 世界各式彩寶.原礦批發 - 代客切磨 . 教學     Tahir Zainab Gems & Rough of World","POST 2025/12/05 剔透純淨｜瑞士藍拓帕石","1","Reel","https://www.facebook.com/reel/1477843803275683/","1627804834169159_1326784679461477","555","0","0"
"646029","2025-12-05","Facebook","泰熙爾 札娜寶石學院 - 世界各式彩寶.原礦批發 - 代客切磨 . 教學     Tahir Zainab Gems & Rough of World","太陽之石｜奧勒岡太陽石","1","Reel","https://www.facebook.com/reel/1171355011290308/","1627804834169159_1326773486129263","123","0","0"
"646023","2025-12-05","Instagram","tzgems1111","太陽之石｜奧勒岡太陽石","1","Reel","https://www.instagram.com/reel/DR4OkQTD5SL/","18069116846104790","108","0","0"
"645901","2025-12-05","Facebook","泰熙爾 札娜寶石學院 - 世界各式彩寶.原礦批發 - 代客切磨 . 教學     Tahir Zainab Gems & Rough of World","POST 2025/12/05 蓮花","1","Reel","https://www.facebook.com/reel/1178378350494273/","1627804834169159_1323504709789474","91","0","0"
"645134","2025-12-02","Facebook","泰熙爾 札娜寶石學院 - 世界各式彩寶.原礦批發 - 代客切磨 . 教學     Tahir Zainab Gems & Rough of World","五種綠色寶石(沙佛萊、祖母綠、綠鑽、綠藍寶、綠碧璽)","1","Reel","https://www.facebook.com/reel/2015242906090158/","1627804834169159_1332395598900385","128","0","0"
"645132","2025-12-02","Instagram","tzgems1111","五種綠色寶石(沙佛萊、祖母綠、綠鑽、綠藍寶、綠碧璽)","1","Reel","https://www.instagram.com/reel/DSKRNUkD24W/","17915533866092091","47","0","0"
"644348","2025-11-28","Facebook","泰熙爾 札娜寶石學院 - 世界各式彩寶.原礦批發 - 代客切磨 . 教學     Tahir Zainab Gems & Rough of World","招財｜黃藍寶耳釘","1","Reel","https://www.facebook.com/reel/1501302704296435/","1627804834169159_1321264786680133","163","0","0"
"644347","2025-11-28","Instagram","tzgems1111","招財｜黃藍寶耳釘","1","Reel","https://www.instagram.com/reel/DRmb4rXj8C7/","18106216327652534","90","0","0"
"644325","2025-11-28","Facebook","泰熙爾 札娜寶石學院 - 世界各式彩寶.原礦批發 - 代客切磨 . 教學     Tahir Zainab Gems & Rough of World","馬上有錢｜祖母綠吊墜","1","Reel","https://www.facebook.com/reel/1980068406197925/","1627804834169159_1321250750014870","13","0","0"
"644324","2025-11-28","Instagram","tzgems1111","馬上有錢｜祖母綠吊墜","1","Reel","https://www.instagram.com/reel/DRmY5ZoD4XF/","17873980215377396","3","0","0"
"644300","2025-11-28","Facebook","泰熙爾 札娜寶石學院 - 世界各式彩寶.原礦批發 - 代客切磨 . 教學     Tahir Zainab Gems & Rough of World","招財之石｜金運石吊墜","2","Reel","https://www.facebook.com/reel/687305707571290/
https://www.facebook.com/reel/1436645801220911/","1627804834169159_1321150270024918
1627804834169159_1336992351774043","298","278","47600"
"644297","2025-11-28","Instagram","tzgems1111","招財之石｜金運石吊墜","1","Reel","https://www.instagram.com/reel/DRmG4uvD9zh/","18000998978830935","108","103","11050"
"642434","2025-11-21","Instagram","tzgems1111","POST 2025/11/21 粉色寶石系列","1","Reel","https://www.instagram.com/reel/DRUFq4bj6yR/","18318039697217152","30","0","0"
"642433","2025-11-21","Facebook","泰熙爾 札娜寶石學院 - 世界各式彩寶.原礦批發 - 代客切磨 . 教學     Tahir Zainab Gems & Rough of World","POST 2025/11/21 粉色寶石系列","2","Reel","https://www.facebook.com/reel/1387360196672234/
https://www.facebook.com/reel/1171987385127093/","1627804834169159_1315332677273344
1627804834169159_1336974091775869","84","0","0"
"642432","2025-11-21","Instagram","tzgems1111","POST 2025/11/21 祖母綠","1","Reel","https://www.instagram.com/reel/DRUHjGgD6pY/","18135689692472705","143","0","0"
"642431","2025-11-21","Facebook","泰熙爾 札娜寶石學院 - 世界各式彩寶.原礦批發 - 代客切磨 . 教學     Tahir Zainab Gems & Rough of World","POST 2025/11/21 祖母綠","2","Reel","https://www.facebook.com/reel/787102924374376/
https://www.facebook.com/reel/2142339302967492/","1627804834169159_1315346723938606
1627804834169159_1336974885109123","537","0","0"
"642358","2025-11-21","Facebook","","POST 2025/11/21 14:18","0","","","","0","0","0"
"640323","2025-11-14","Instagram","tzgems1111","POST 2025/11/14 黃鐵礦","1","Reel","https://www.instagram.com/reel/DRCKqubEY7_/","18026979404672305","103","0","0"
"640322","2025-11-14","Facebook","泰熙爾 札娜寶石學院 - 世界各式彩寶.原礦批發 - 代客切磨 . 教學     Tahir Zainab Gems & Rough of World","POST 2025/11/14 黃鐵礦","2","Reel","https://www.facebook.com/reel/1175456860581733/
https://www.facebook.com/reel/836500342516997/","1627804834169159_1309437427862869
1627804834169159_1336972515109360","273","0","0"
"640279","2025-11-14","Instagram","tzgems1111","POST 2025/11/14  彩色尖晶石","1","Reel","https://www.instagram.com/reel/DRCM6CKD5Yj/","17949117464920261","59","0","0"
"640278","2025-11-14","Facebook","泰熙爾 札娜寶石學院 - 世界各式彩寶.原礦批發 - 代客切磨 . 教學     Tahir Zainab Gems & Rough of World","POST 2025/11/14 彩色尖晶石","2","Reel","https://www.facebook.com/reel/868638858991628/
https://www.facebook.com/reel/2249298328925664/","1627804834169159_1309449391195006
1627804834169159_1336973145109297","174","0","0"
"639633","2025-11-12","Instagram","tzgems1111","POST 2025/11/12 祖母綠系列","1","Reel","https://www.instagram.com/reel/DQ86CpJD4B0/","17909677848253142","39","0","0"
"639632","2025-11-12","Facebook","泰熙爾 札娜寶石學院 - 世界各式彩寶.原礦批發 - 代客切磨 . 教學     Tahir Zainab Gems & Rough of World","POST 2025/11/12 祖母綠系列","2","Reel","https://www.facebook.com/reel/648105521589478/
https://www.facebook.com/reel/1361785871773689/","1627804834169159_1307702971369648
1627804834169159_1336971835109428","147","0","0"
"639630","2025-11-12","Facebook","","POST 2025/11/12 祖母綠系列","0","","","","0","0","0"
"639045","2025-11-10","Instagram","tzgems1111","POST 2025/11/10 彩色藍寶","1","Reel","https://www.instagram.com/reel/DQ33lgBD4OF/","17977166594786107","1","0","0"
"639043","2025-11-10","Facebook","泰熙爾 札娜寶石學院 - 世界各式彩寶.原礦批發 - 代客切磨 . 教學     Tahir Zainab Gems & Rough of World","POST 2025/11/10 彩色藍寶","1","Reel","https://www.facebook.com/reel/1704542483550033/","1627804834169159_1305871214886157","5","0","0"
"638284","2025-11-07","Instagram","tzgems1111","POST 2025/11/07印章戒指","1","Reel","https://www.instagram.com/reel/DQwJEfFD7hy/","18074326136192148","10","0","0"
"638283","2025-11-07","Facebook","泰熙爾 札娜寶石學院 - 世界各式彩寶.原礦批發 - 代客切磨 . 教學     Tahir Zainab Gems & Rough of World","POST 2025/11/07 印章戒指","2","Reel","https://www.facebook.com/reel/791575127115770/
https://www.facebook.com/reel/4315671388704417/","1627804834169159_1303061885167090
1627804834169159_1336970235109588","4","0","0"
"638282","2025-11-07","Instagram","tzgems1111","POST 2025/11/07粉紅碧璽","1","Reel","https://www.instagram.com/reel/DQwHXyij8yN/","18059152772209199","127","0","0"
"638281","2025-11-07","Facebook","泰熙爾 札娜寶石學院 - 世界各式彩寶.原礦批發 - 代客切磨 . 教學     Tahir Zainab Gems & Rough of World","POST 2025/11/07粉紅碧璽","2","Reel","https://www.facebook.com/reel/1530926238250704/
https://www.facebook.com/reel/1643326596634718/","1627804834169159_1303052558501356
1627804834169159_1336968305109781","194","0","0"
"637595","2025-11-05","Instagram","tzgems1111","POST 2025/11/05能量寶石｜彩寶","1","Reel","https://www.instagram.com/reel/DQq_pYCD-uI/","18083995259484674","62","0","0"
"637593","2025-11-05","Facebook","泰熙爾 札娜寶石學院 - 世界各式彩寶.原礦批發 - 代客切磨 . 教學     Tahir Zainab Gems & Rough of World","POST 2025/11/05 能量寶石｜彩寶","2","Reel","https://www.facebook.com/reel/784528357896934/
https://www.facebook.com/reel/839183662325125/","1627804834169159_1301261408680471
1627804834169159_1336969708442974","93","0","0"
"636199","2025-10-31","Facebook","泰熙爾 札娜寶石學院 - 世界各式彩寶.原礦批發 - 代客切磨 . 教學     Tahir Zainab Gems & Rough of World","｜茶鈦晶｜寵粉限定","2","Reel","https://www.facebook.com/reel/3675969512538342/
https://www.facebook.com/reel/878849441287408/","1627804834169159_1299512965521982
1627804834169159_1336966295109982","456","0","0"
"636194","2025-10-31","Instagram","tzgems1111","｜茶鈦晶｜寵粉限定","1","Reel","https://www.instagram.com/reel/DQl9qnwj7-z/","17987191502906928","483","0","0"
"636046","2025-10-31","Instagram","tzgems1111","POST 2025/10/31黑金超七貔貅","1","Reel","https://www.instagram.com/reel/DQeJmV6jzYr/","18374302762151462","87","0","0"
"636045","2025-10-31","Facebook","泰熙爾 札娜寶石學院 - 世界各式彩寶.原礦批發 - 代客切磨 . 教學     Tahir Zainab Gems & Rough of World","POST 2025/10/31黑金超七貔貅","2","Reel","https://www.facebook.com/reel/1843780566222482/
https://www.facebook.com/reel/755428923540322/","1627804834169159_1296672552472690
1627804834169159_1336967518443193","129","0","0"
"635251","2025-10-29","Instagram","tzgems1111","POST 2025/10/29 粉尖晶","1","Reel","https://www.instagram.com/reel/DQeMRw-D-Qb/","18064443344127925","198","0","0"
"635250","2025-10-29","Facebook","泰熙爾 札娜寶石學院 - 世界各式彩寶.原礦批發 - 代客切磨 . 教學     Tahir Zainab Gems & Rough of World","POST 2025/10/29 粉尖晶","2","Reel","https://www.facebook.com/reel/677964108700075/
https://www.facebook.com/reel/1165865585733497/","1627804834169159_1296698199136792
1627804834169159_1336968941776384","359","0","0"
"634824","2025-10-27","Facebook","泰熙爾 札娜寶石學院 - 世界各式彩寶.原礦批發 - 代客切磨 . 教學     Tahir Zainab Gems & Rough of World","POST 2025/10/27 21:10超七","1","Reel","https://www.facebook.com/reel/2652802605112065/","1627804834169159_1293151659491446","478","0","0"
"634821","2025-10-27","Instagram","tzgems1111","POST 2025/10/27 21:07超七","1","Reel","https://www.instagram.com/reel/DQUEs6SD3tm/","18181860394351821","367","0","0"
"634516","2025-10-26","Instagram","tzgems1111","POST 2025/10/26夢幻組合","1","Reel","https://www.instagram.com/reel/DQRWjRJjzTm/","18045206993679648","59","0","0"
"634515","2025-10-26","Facebook","泰熙爾 札娜寶石學院 - 世界各式彩寶.原礦批發 - 代客切磨 . 教學     Tahir Zainab Gems & Rough of World","POST 2025/10/26夢幻組合","2","Reel","https://www.facebook.com/reel/2046275629454193/
https://www.facebook.com/reel/1409281964144020/","1627804834169159_1292188509587761
1627804834169159_1336964815110130","132","0","0"
"633288","2025-10-22","Facebook","泰熙爾 札娜寶石學院 - 世界各式彩寶.原礦批發 - 代客切磨 . 教學     Tahir Zainab Gems & Rough of World","補氣血首選 溱姐推薦 祖傳春生堂中藥帖","1","Reel","https://www.facebook.com/reel/1818693602856252/","1627804834169159_1291910996282179","335","0","0"
"633285","2025-10-22","Instagram","tzgems1111","補氣血首選 溱姐推薦 祖傳春生堂中藥帖","1","Reel","https://www.instagram.com/reel/DQQlFrIj-h1/","18046799063403201","392","0","0"
"631920","2025-10-17","Instagram","tzgems1111","POST 2025/10/17 帝王托帕","1","Reel","https://www.instagram.com/reel/DP6CQ9PDx0M/","18058809293194899","415","0","0"
"631919","2025-10-17","Facebook","泰熙爾 札娜寶石學院 - 世界各式彩寶.原礦批發 - 代客切磨 . 教學     Tahir Zainab Gems & Rough of World","POST 2025/10/17 帝王托帕","2","Reel","https://www.facebook.com/reel/1457728021984241/
https://www.facebook.com/reel/25352243641092629/","1627804834169159_1283712967101982
1627804834169159_1336964325110179","571","0","0"
"631917","2025-10-17","Instagram","tzgems1111","POST 2025/10/17斑彩石","1","Reel","https://www.instagram.com/reel/DP6ANWWj2iT/","17995310483837658","43","0","0"
"631916","2025-10-17","Facebook","泰熙爾 札娜寶石學院 - 世界各式彩寶.原礦批發 - 代客切磨 . 教學     Tahir Zainab Gems & Rough of World","POST 2025/10/17 斑彩石","2","Reel","https://www.facebook.com/reel/837864678744098/
https://www.facebook.com/reel/1348185520123193/","1627804834169159_1283698210436791
1627804834169159_1336963765110235","83","0","0"
"630887","2025-10-14","Instagram","tzgems1111","POST 2025/10/14有錢花","1","Reel","https://www.instagram.com/reel/DPyXfgaDz8p/","18079978418018875","67","0","0"
"630886","2025-10-14","Facebook","泰熙爾 札娜寶石學院 - 世界各式彩寶.原礦批發 - 代客切磨 . 教學     Tahir Zainab Gems & Rough of World","POST 2025/10/14 有錢花","1","Reel","https://www.facebook.com/reel/1514324356374693/","1627804834169159_1281036664036279","204","0","0"
"630757","2025-10-14","Instagram","tzgems1111","POST 2025/10/14 切割課程","2","Reel","https://www.instagram.com/reel/DPyU_pdD4bo/
https://www.instagram.com/reel/DRcDD_RD6z_/","18044284181676372
18137782459415130","85","0","0"
"630756","2025-10-14","Facebook","泰熙爾 札娜寶石學院 - 世界各式彩寶.原礦批發 - 代客切磨 . 教學     Tahir Zainab Gems & Rough of World","POST 2025/10/14  切割課程","2","Reel","https://www.facebook.com/reel/1137382957950369/
https://www.facebook.com/reel/1867524147471661/","1627804834169159_1281023980704214
1627804834169159_1317833820356563","39","0","0"
"630556","2025-10-13","Instagram","tzgems1111","POST 2025/10/13 徵招主播","1","Reel","https://www.instagram.com/reel/DPv25lbjxnc/","18131894680466027","36","0","0"
"630555","2025-10-13","Facebook","泰熙爾 札娜寶石學院 - 世界各式彩寶.原礦批發 - 代客切磨 . 教學     Tahir Zainab Gems & Rough of World","POST 2025/10/13 徵招主播","1","Reel","https://www.facebook.com/reel/1574907083875597/","1627804834169159_1280135084126437","18","0","0"
"629569","2025-10-09","Facebook","泰熙爾 札娜寶石學院 - 世界各式彩寶.原礦批發 - 代客切磨 . 教學     Tahir Zainab Gems & Rough of World","一路滿賺 / 高級感拉滿 18k墨桑 銀河之星手鏈","2","Reel","https://www.facebook.com/reel/1177420073801877/
https://www.facebook.com/reel/1382232576834995/","1627804834169159_1304934951646450
1627804834169159_1337724721700806","24","0","0"
"629565","2025-10-09","Instagram","tzgems1111","一路滿賺 / 高級感拉滿 18k墨桑 銀河之星手鏈","1","Reel","https://www.instagram.com/reel/DQ1SiyFEilg/","17899862223328361","33","0","0"
"629535","2025-10-09","Facebook","泰熙爾 札娜寶石學院 - 世界各式彩寶.原礦批發 - 代客切磨 . 教學     Tahir Zainab Gems & Rough of World","寵粉紫黃晶","2","Reel","https://www.facebook.com/reel/780559318105540/
https://www.facebook.com/reel/1478724044256716/","1627804834169159_1276028027870476
1627804834169159_1337725591700719","1315","0","0"
"629533","2025-10-09","Instagram","tzgems1111","寵粉紫黃晶","1","Reel","https://www.instagram.com/reel/DPlZurKjzb8/","18068216897262324","374","0","0"
"629210","2025-10-08","Facebook","泰熙爾 札娜寶石學院 - 世界各式彩寶.原礦批發 - 代客切磨 . 教學     Tahir Zainab Gems & Rough of World","強力招桃花的粉色寶石~孔賽石","1","Reel","https://www.facebook.com/reel/24664265269904989/","1627804834169159_1275045754635370","111","0","0"
"628933","2025-10-07","Instagram","tzgems1111","POST 2025/10/07 吊墜","1","Reel","https://www.instagram.com/reel/DPgV8rpjyOL/","18044449448662316","106","0","0"
"628932","2025-10-07","Facebook","泰熙爾 札娜寶石學院 - 世界各式彩寶.原礦批發 - 代客切磨 . 教學     Tahir Zainab Gems & Rough of World","POST 2025/10/07 吊墜","2","Reel","https://www.facebook.com/reel/1480535996561516/
https://www.facebook.com/reel/1177963774483879/","1627804834169159_1274024331404179
1627804834169159_1336960528443892","76","0","0"
"628097","2025-10-03","Facebook","泰熙爾 札娜寶石學院 - 世界各式彩寶.原礦批發 - 代客切磨 . 教學     Tahir Zainab Gems & Rough of World","極光彩蘊｜藍月光","2","Reel","https://www.facebook.com/reel/2024990934941921/
https://www.facebook.com/reel/3523299551144612/","1627804834169159_1270288838444395
1627804834169159_1336962601777018","108","106","10000"
"628094","2025-10-03","Instagram","tzgems1111","極光彩蘊｜藍月光","1","Reel","https://www.instagram.com/reel/DPWDO1mj0X0/","18050717606649469","88","87","7500"
"627290","2025-09-30","Instagram","tzgems1111","POST 2025/09/30 木佐色綠透輝","1","Reel","https://www.instagram.com/reel/DPOeTApj9k7/","18074983964162847","5","0","0"
"627289","2025-09-30","Facebook","泰熙爾 札娜寶石學院 - 世界各式彩寶.原礦批發 - 代客切磨 . 教學     Tahir Zainab Gems & Rough of World","POST 2025/09/30 木佐色綠透輝","3","Reel","https://www.facebook.com/reel/1792609198020909/
https://www.facebook.com/reel/1696685134331488/
https://www.facebook.com/reel/1171765694940112/","1627804834169159_1267502622056350
1627804834169159_1298508958955716
1627804834169159_1337724045034207","16","0","0"
"626800","2025-09-28","Instagram","tzgems1111","POST 2025/09/28 方枕型托帕","1","Reel","https://www.instagram.com/reel/DPJQc2DD7KA/","17866568988459892","318","0","0"
"626799","2025-09-28","Facebook","泰熙爾 札娜寶石學院 - 世界各式彩寶.原礦批發 - 代客切磨 . 教學     Tahir Zainab Gems & Rough of World","POST 2025/09/28 方枕型托帕","3","Reel","https://www.facebook.com/reel/1795993851284842/
https://www.facebook.com/reel/2149656508892488/
https://www.facebook.com/reel/1362474974951146/","1627804834169159_1265678358905443
1627804834169159_1297592265714052
1627804834169159_1337069441766334","1429","0","0"
"626601","2025-09-27","Facebook","泰熙爾 札娜寶石學院 - 世界各式彩寶.原礦批發 - 代客切磨 . 教學     Tahir Zainab Gems & Rough of World","POST 2025/09/27雙石戒指","3","Reel","https://www.facebook.com/reel/818002790654458/
https://www.facebook.com/reel/1909519309610726/
https://www.facebook.com/reel/4158609987737880/","1627804834169159_1264873508985928
1627804834169159_1296628935810385
1627804834169159_1336267498513195","40","0","0"
"626599","2025-09-27","Instagram","tzgems1111","POST 2025/09/27 雙石戒指","1","Reel","https://www.instagram.com/reel/DPG06noD6mK/","18078807853978725","33","0","0"
"626317","2025-09-26","Facebook","泰熙爾 札娜寶石學院 - 世界各式彩寶.原礦批發 - 代客切磨 . 教學     Tahir Zainab Gems & Rough of World","寵粉 招財螃蟹🦀 八方 財財 + 有鉗 有錢","3","Reel","https://www.facebook.com/reel/770443685840294/
https://www.facebook.com/reel/1504395200612994/
https://www.facebook.com/reel/871881775226635/","1627804834169159_1263883325751613
1627804834169159_1295716672568278
1627804834169159_1335492725257339","15","0","0"
"626310","2025-09-26","Instagram","tzgems1111","寵粉 招財螃蟹🦀  八方 財財 + 有鉗 有錢","1","Reel","https://www.instagram.com/reel/DPD9kFRDxVV/","17948876246906054","19","0","0"
"625262","2025-09-23","Instagram","tzgems1111","莫桑鑽戒指(水藍)","1","Reel","https://www.instagram.com/reel/DP06V2JD_lo/","18346417708163160","75","74","17500"
"624774","2025-09-22","Facebook","泰熙爾 札娜寶石學院 - 世界各式彩寶.原礦批發 - 代客切磨 . 教學     Tahir Zainab Gems & Rough of World","天然鉍晶體｜大款 / 小款","2","Reel","https://www.facebook.com/reel/2227110741093453/
https://www.facebook.com/reel/614714075036680/","1627804834169159_1270338051772807
1627804834169159_1326753689464576","779","0","0"
"624768","2025-09-22","Facebook","泰熙爾 札娜寶石學院 - 世界各式彩寶.原礦批發 - 代客切磨 . 教學     Tahir Zainab Gems & Rough of World","Fullmula 明星3件組 / 前100名加送精華液","2","Reel","https://www.facebook.com/reel/783033414504656/
https://www.facebook.com/reel/1754155871925784/","1627804834169159_1273978924742053
1627804834169159_1316968050443140","0","0","0"
"624761","2025-09-22","Facebook","泰熙爾 札娜寶石學院 - 世界各式彩寶.原礦批發 - 代客切磨 . 教學     Tahir Zainab Gems & Rough of World","女神節特惠款💥百搭大魔王 3-4mm 天然淡水強光白亮珍珠 項鍊 手鍊","4","Reel","https://www.facebook.com/reel/1135566522040132/
https://www.facebook.com/reel/1354917799409659/
https://www.facebook.com/reel/2237966920003900/
https://www.facebook.com/reel/3207062672808350/","1627804834169159_1270248178448461
1627804834169159_1313631174110161
1627804834169159_1318709570268988
1627804834169159_1353169366823008","34","0","0"
"624759","2025-09-22","Facebook","泰熙爾 札娜寶石學院 - 世界各式彩寶.原礦批發 - 代客切磨 . 教學     Tahir Zainab Gems & Rough of World","莫桑鑽(水藍)","4","Reel","https://www.facebook.com/reel/566729726498294/
https://www.facebook.com/reel/1438108117742167/
https://www.facebook.com/reel/725465393280220/
https://www.facebook.com/reel/2599853697074472/","1627804834169159_1266496132156999
1627804834169159_1281908190615793
1627804834169159_1310253321114613
1627804834169159_1353166763489935","143","99","32500"
"623565","2025-09-18","Facebook","泰熙爾 札娜寶石學院 - 世界各式彩寶.原礦批發 - 代客切磨 . 教學     Tahir Zainab Gems & Rough of World","POST 2025/09/18 20:14","5","Reel","https://www.facebook.com/reel/800085722503765/
https://www.facebook.com/reel/1999752587491643/
https://www.facebook.com/reel/681551761692826/
https://www.facebook.com/reel/1882866605669325/
https://www.facebook.com/reel/811876191897140/","1627804834169159_1256606153145997
1627804834169159_1283692167104062
1627804834169159_1294041049402507
1627804834169159_1325968556209756
1627804834169159_1333906942082584","291","0","0"
"623561","2025-09-18","Instagram","tzgems1111","POST 2025/09/18 20:08","1","Reel","https://www.instagram.com/reel/DOviYiMD3Mk/","17909971230211381","109","0","0"
"623053","2025-09-18","Facebook","","天然澳洲黑蛋白石(黑歐泊)","0","","","","0","0","0"
"623052","2025-09-18","Instagram","","天然澳洲黑蛋白石(黑歐泊)","0","","","","0","0","0"
"621793","2025-09-14","Facebook","泰熙爾 札娜寶石學院 - 世界各式彩寶.原礦批發 - 代客切磨 . 教學     Tahir Zainab Gems & Rough of World","小白","1","Reel","https://www.facebook.com/reel/676498368804581/","1627804834169159_1253142003492412","23","0","0"
"621314","2025-09-12","Facebook","泰熙爾 札娜寶石學院 - 世界各式彩寶.原礦批發 - 代客切磨 . 教學     Tahir Zainab Gems & Rough of World","五行","4","Reel","https://www.facebook.com/reel/1504254647669300/
https://www.facebook.com/reel/808028541555631/
https://www.facebook.com/reel/1528582081663878/
https://www.facebook.com/reel/830074369934626/","1627804834169159_1252143543592258
1627804834169159_1252173083589304
1627804834169159_1293018039504808
1627804834169159_1333138575492754","50","0","0"
"621303","2025-09-12","Instagram","tzgems1111","䮔行","1","Reel","https://www.instagram.com/reel/DOicI5Sj_PM/","17964211172816254","76","0","0"
"621294","2025-09-12","Facebook","泰熙爾 札娜寶石學院 - 世界各式彩寶.原礦批發 - 代客切磨 . 教學     Tahir Zainab Gems & Rough of World","升值黑馬阿富汗碧璽","3","Reel","https://www.facebook.com/reel/1899368273977173/
https://www.facebook.com/reel/1158217563068055/
https://www.facebook.com/reel/1180151510757052/","1627804834169159_1251316077008338
1627804834169159_1292118162928129
1627804834169159_1332369782236300","229","0","0"
"621290","2025-09-12","Instagram","tzgems1111","升值黑馬阿富汗碧璽","1","Reel","https://www.instagram.com/reel/DOf6schD4V3/","17859317055493410","104","0","0"
"620317","2025-09-10","Facebook","泰熙爾 札娜寶石學院 - 世界各式彩寶.原礦批發 - 代客切磨 . 教學     Tahir Zainab Gems & Rough of World","POST 2025/09/10 19:14橄欖石","4","Reel","https://www.facebook.com/reel/757847297157601/
https://www.facebook.com/reel/4472051839675166/
https://www.facebook.com/reel/815855994628935/
https://www.facebook.com/reel/1411185463766764/","1627804834169159_1249441540529125
1627804834169159_1249442473862365
1627804834169159_1291173786355900
1627804834169159_1331580195648592","329","0","0"
"620315","2025-09-10","Instagram","tzgems1111","POST 2025/09/10 19:11橄欖石","1","Reel","https://www.instagram.com/reel/DOa12VMjyOp/","17945695917040876","175","0","0"
"619481","2025-09-08","Instagram","","POST 2025/09/08 3大寶石","0","","","","0","0","0"
"619479","2025-09-08","Facebook","泰熙爾 札娜寶石學院 - 世界各式彩寶.原礦批發 - 代客切磨 . 教學     Tahir Zainab Gems & Rough of World","POST 2025/09/08 18:3大寶石","3","影片 / Reel","https://www.facebook.com/681888940617724/videos/1311248050788953
https://www.facebook.com/reel/2027465148043866/
https://www.facebook.com/reel/1383590823171718/","1627804834169159_1247714967368449
1627804834169159_1290229686450310
1627804834169159_1330784882394790","89","0","0"
"619099","2025-09-06","Facebook","泰熙爾 札娜寶石學院 - 世界各式彩寶.原礦批發 - 代客切磨 . 教學     Tahir Zainab Gems & Rough of World","POST 2025/09/06 22:06小白","4","影片 / Reel","https://www.facebook.com/681888940617724/videos/1301681811667871
https://www.facebook.com/681888940617724/videos/1318798696411318
https://www.facebook.com/reel/800763342331615/
https://www.facebook.com/reel/1335179471763215/","1627804834169159_1246268507513095
1627804834169159_1246268870846392
1627804834169159_1289306093209336
1627804834169159_1329982559141689","155","0","0"
"619098","2025-09-06","Instagram","tzgems1111","POST 2025/09/06 22:05","1","Reel","https://www.instagram.com/reel/DOVoprMD4EA/","18083228251924406","44","0","0"
"619097","2025-09-06","Facebook","","copy-(POST 2025/09/05 16:37歐珀)-(20250906220437)","0","","","","0","0","0"
"619096","2025-09-06","Instagram","tzgems1111","POST 2025/09/06 22:04小白","1","Reel","https://www.instagram.com/reel/DOQ1vRqjxU6/","18087577840838256","94","0","0"
"618796","2025-09-05","Facebook","泰熙爾 札娜寶石學院 - 世界各式彩寶.原礦批發 - 代客切磨 . 教學     Tahir Zainab Gems & Rough of World","POST 2025/09/05 16:37歐珀","4","影片 / Reel","https://www.facebook.com/681888940617724/videos/2783318801857268
https://www.facebook.com/681888940617724/videos/2540842816276441
https://www.facebook.com/reel/719311017096442/
https://www.facebook.com/reel/1635513850580915/","1627804834169159_1245203560952923
1627804834169159_1245332707606675
1627804834169159_1288404723299473
1627804834169159_1329188245887787","97","0","0"
"618779","2025-09-05","Instagram","tzgems1111","POST 2025/09/05 16:11托帕石","1","Reel","https://www.instagram.com/reel/DONpZjXgi6J/","17977577861913252","1","0","0"
"618778","2025-09-05","Facebook","泰熙爾 札娜寶石學院 - 世界各式彩寶.原礦批發 - 代客切磨 . 教學     Tahir Zainab Gems & Rough of World","POST 2025/09/05 16:08托帕石","1","影片","https://www.facebook.com/681888940617724/videos/1393398571733622","1627804834169159_1245201087619837","4","0","0"
"618714","2025-09-05","Instagram","tzgems1111","POST 2025/09/05 14:20寵粉歐泊","1","Reel","https://www.instagram.com/reel/DOOBdiuj31g/","18065283518206550","82","0","0"
"618633","2025-09-05","Facebook","泰熙爾 札娜寶石學院 - 世界各式彩寶.原礦批發 - 代客切磨 . 教學     Tahir Zainab Gems & Rough of World","寵粉放漏天然變彩歐泊","3","影片 / Reel","https://www.facebook.com/681888940617724/videos/1280677987125390
https://www.facebook.com/reel/1067571711947857/
https://www.facebook.com/reel/1345949156603927/","1627804834169159_1245275507612395
1627804834169159_1280077340798878
1627804834169159_1321941169945828","70","0","0"
"618175","2025-09-04","Facebook","泰熙爾 札娜寶石學院 - 世界各式彩寶.原礦批發 - 代客切磨 . 教學     Tahir Zainab Gems & Rough of World","💎天然鑽石 項鍊、耳釘｜限量寵粉優惠款","5","Reel","https://www.facebook.com/reel/624078180558917/
https://www.facebook.com/reel/1126762396295946/
https://www.facebook.com/reel/2567754496926853/
https://www.facebook.com/reel/2245234712668076/
https://www.facebook.com/reel/2178002309275660/","1627804834169159_1244396017700344
1627804834169159_1279111340895478
1627804834169159_1281882803951665
1627804834169159_1321156033357675
1627804834169159_1324297913043487","44","0","0"
"617697","2025-09-02","Instagram","tzgems1111","POST 2025/09/02 18:31蝴蝶","1","Reel","https://www.instagram.com/reel/DOGK_kqDyjA/","17844187041564052","156","0","0"
"617690","2025-09-02","Facebook","泰熙爾 札娜寶石學院 - 世界各式彩寶.原礦批發 - 代客切磨 . 教學     Tahir Zainab Gems & Rough of World","POST 2025/09/02 18:23蝴蝶吊墜","3","Reel","https://www.facebook.com/reel/1427247621664539/
https://www.facebook.com/reel/1352696056648322/
https://www.facebook.com/reel/796236446726020/","1627804834169159_1242708227869123
1627804834169159_1287536953386250
1627804834169159_1328336359306309","51","0","0"
"617667","2025-09-02","Facebook","泰熙爾 札娜寶石學院 - 世界各式彩寶.原礦批發 - 代客切磨 . 教學     Tahir Zainab Gems & Rough of World","自帶光芒・天然歐泊手鏈","6","Reel","https://www.facebook.com/reel/4118539475026260/
https://www.facebook.com/reel/1407353367024962/
https://www.facebook.com/reel/1066665118711093/
https://www.facebook.com/reel/840105678362807/
https://www.facebook.com/reel/841161862010108/
https://www.facebook.com/reel/582383101634641/","1627804834169159_1242698471203432
1627804834169159_1257602486379697
1627804834169159_1278128957660383
1627804834169159_1294879179318694
1627804834169159_1320331653440113
1627804834169159_1334701342003144","456","33","5940"
"617280","2025-09-01","Facebook","泰熙爾 札娜寶石學院 - 世界各式彩寶.原礦批發 - 代客切磨 . 教學     Tahir Zainab Gems & Rough of World","寵粉平步青雲手串(金運石&綠幽靈)","3","Reel","https://www.facebook.com/reel/2893776301010832/
https://www.facebook.com/reel/662927693534265/
https://www.facebook.com/reel/1027152979585011/","1627804834169159_1241887841284495
1627804834169159_1277116984428247
1627804834169159_1319475513525727","473","0","0"
"616913","2025-08-30","Facebook","泰熙爾 札娜寶石學院 - 世界各式彩寶.原礦批發 - 代客切磨 . 教學     Tahir Zainab Gems & Rough of World","POST 2025/08/30 15:19橄欖石","3","Reel","https://www.facebook.com/reel/754272164159230/
https://www.facebook.com/reel/1815557469324264/
https://www.facebook.com/reel/1917089265828028/","1627804834169159_1240179864788626
1627804834169159_1286589890147623
1627804834169159_1327560152717263","268","0","0"
"616912","2025-08-30","Instagram","tzgems1111","POST 2025/08/30 15:11橄欖石","1","Reel","https://www.instagram.com/reel/DN-F_lLDxzE/","17843675646563820","182","0","0"
"616725","2025-08-29","Facebook","泰熙爾 札娜寶石學院 - 世界各式彩寶.原礦批發 - 代客切磨 . 教學     Tahir Zainab Gems & Rough of World","POST 2025/08/29 19:32橄欖石","2","Reel","https://www.facebook.com/reel/2158986001265942/
https://www.facebook.com/reel/754272164159230/","1627804834169159_1239518874854725
1627804834169159_1240179864788626","26","22","0"
"616724","2025-08-29","Instagram","","POST 2025/08/29 19:31橄欖石黑碧璽專屬下單連結","0","","","","0","0","0"
"616705","2025-08-29","Facebook","泰熙爾 札娜寶石學院 - 世界各式彩寶.原礦批發 - 代客切磨 . 教學     Tahir Zainab Gems & Rough of World","925銀簡約款泡泡鑲彩寶手鏈","3","Reel","https://www.facebook.com/reel/1451175735935331/
https://www.facebook.com/reel/818625787323981/
https://www.facebook.com/reel/25387530197602887/","1627804834169159_1241095491363730
1627804834169159_1276023257870953
1627804834169159_1318630683610210","44","0","0"
"616701","2025-08-29","Facebook","泰熙爾 札娜寶石學院 - 世界各式彩寶.原礦批發 - 代客切磨 . 教學     Tahir Zainab Gems & Rough of World","限量坦桑石","3","Reel","https://www.facebook.com/reel/1086544763644212/
https://www.facebook.com/reel/1197352798933547/
https://www.facebook.com/reel/1119120230074810/","1627804834169159_1240269541446325
1627804834169159_1275000744639871
1627804834169159_1317757420364203","87","0","0"
"616684","2025-08-29","Facebook","泰熙爾 札娜寶石學院 - 世界各式彩寶.原礦批發 - 代客切磨 . 教學     Tahir Zainab Gems & Rough of World","阿富汗天然海水藍寶","3","Reel","https://www.facebook.com/reel/1867995437113753/
https://www.facebook.com/reel/1200549355224671/
https://www.facebook.com/reel/1151267987080940/","1627804834169159_1239482051525074
1627804834169159_1273028794837066
1627804834169159_1316181650521780","133","0","0"
"616571","2025-08-29","Instagram","tzgems1111","POST 2025/08/29 13:34七夕","1","Reel","https://www.instagram.com/reel/DN7VBdyj1Ec/","18522654748057136","112","0","0"
"616298","2025-08-28","Facebook","泰熙爾 札娜寶石學院 - 世界各式彩寶.原礦批發 - 代客切磨 . 教學     Tahir Zainab Gems & Rough of World","POST 2025/08/28 19:02CP值最高小資首選-六大寶石平替首選(T牌經典永恆套件組)","3","Reel","https://www.facebook.com/reel/1928335837709865/
https://www.facebook.com/reel/660733943167266/
https://www.facebook.com/reel/971216268467442/","1627804834169159_1238552888284657
1627804834169159_1238552638284682
1627804834169159_1238553134951299","11","0","0"
"616133","2025-08-28","Facebook","泰熙爾 札娜寶石學院 - 世界各式彩寶.原礦批發 - 代客切磨 . 教學     Tahir Zainab Gems & Rough of World","寵粉彩虹黑曜岩手串","3","Reel","https://www.facebook.com/reel/1573508266958469/
https://www.facebook.com/reel/1513649312970164/
https://www.facebook.com/reel/735484385548572/","1627804834169159_1238523398287606
1627804834169159_1272094168263862
1627804834169159_1315341590605786","79","64","9000"
"615472","2025-08-27","Facebook","泰熙爾 札娜寶石學院 - 世界各式彩寶.原礦批發 - 代客切磨 . 教學     Tahir Zainab Gems & Rough of World","12星座守護寶石","4","Reel","https://www.facebook.com/reel/3095251903982532/
https://www.facebook.com/reel/1946450226151549/
https://www.facebook.com/reel/1073954461421756/
https://www.facebook.com/reel/1517706763688867/","1627804834169159_1237557155050897
1627804834169159_1271165491690063
1627804834169159_1314450830694862
1627804834169159_1353170410156237","440","0","0"
"614976","2025-08-26","Facebook","泰熙爾 札娜寶石學院 - 世界各式彩寶.原礦批發 - 代客切磨 . 教學     Tahir Zainab Gems & Rough of World","貴婦珍珠項鏈","1","Reel","https://www.facebook.com/reel/2559528244390482/","1627804834169159_1236657058474240","13","0","0"
"614595","2025-08-25","Facebook","泰熙爾 札娜寶石學院 - 世界各式彩寶.原礦批發 - 代客切磨 . 教學     Tahir Zainab Gems & Rough of World","寵粉開運鈦晶項鍊","4","影片 / Reel","https://www.facebook.com/681888940617724/videos/1114117067292684
https://www.facebook.com/reel/1905376020008191/
https://www.facebook.com/reel/802045702461214/
https://www.facebook.com/reel/1400868468086167/","1627804834169159_1235720738567872
1627804834169159_1269304678542811
1627804834169159_1287551060051506
1627804834169159_1312782997528312","366","222","14500"
"614399","2025-08-24","Facebook","泰熙爾 札娜寶石學院 - 世界各式彩寶.原礦批發 - 代客切磨 . 教學     Tahir Zainab Gems & Rough of World","POST 2025/08/24 13:23","1","影片","https://www.facebook.com/681888940617724/videos/1417827009450446","1627804834169159_1234609432012336","3","0","0"
"613999","2025-08-22","Facebook","泰熙爾 札娜寶石學院 - 世界各式彩寶.原礦批發 - 代客切磨 . 教學     Tahir Zainab Gems & Rough of World","寵粉彩藍寶有錢花戒指","4","影片 / Reel","https://www.facebook.com/681888940617724/videos/4109634342583440
https://www.facebook.com/reel/1974173306762231/
https://www.facebook.com/reel/923544247501500/
https://www.facebook.com/reel/877404651545779/","1627804834169159_1234858031987476
1627804834169159_1268344421972170
1627804834169159_1311921270947818
1627804834169159_1353168623489749","5","5","6000"
"613996","2025-08-22","Facebook","泰熙爾 札娜寶石學院 - 世界各式彩寶.原礦批發 - 代客切磨 . 教學     Tahir Zainab Gems & Rough of World","《時來運轉 Turning Point》","4","影片 / Reel","https://www.facebook.com/681888940617724/videos/781121034602592
https://www.facebook.com/reel/1436239157455409/
https://www.facebook.com/reel/1183183007254736/
https://www.facebook.com/reel/1539382057356919/","1627804834169159_1233197348820211
1627804834169159_1267398628733416
1627804834169159_1311069317699680
1627804834169159_1353168070156471","213","0","0"
"613964","2025-08-22","Facebook","泰熙爾 札娜寶石學院 - 世界各式彩寶.原礦批發 - 代客切磨 . 教學     Tahir Zainab Gems & Rough of World","CP值最高小資首選-六大寶石平替首選(T牌經典永恆套件組)FB","3","影片 / Reel","https://www.facebook.com/681888940617724/videos/759511486690070
https://www.facebook.com/681888940617724/videos/1598995354405988
https://www.facebook.com/reel/1381757089987371/","1627804834169159_1233082432165036
1627804834169159_1234032728736673
1627804834169159_1285603736912905","158","0","0"
"613959","2025-08-22","Instagram","tzgems1111","CP值最高小資首選-六大寶石平替首選(T牌經典永恆套件組)","1","Reel","https://www.instagram.com/reel/DNpa9XCv3Ij/","18066741218332057","81","0","0"
"613516","2025-08-21","Facebook","泰熙爾 札娜寶石學院 - 世界各式彩寶.原礦批發 - 代客切磨 . 教學     Tahir Zainab Gems & Rough of World","CP值最高情人節首選-六大寶石平替首選(T牌經典永恆套件組)","1","影片","https://www.facebook.com/681888940617724/videos/1075016678168634","1627804834169159_1232357818904164","5","0","0"
"613407","2025-08-21","Instagram","tzgems1111","天然鉍晶體｜大款 / 小款","2","Reel","https://www.instagram.com/reel/DNuKqt4Xjxc/
https://www.instagram.com/reel/DPWLOYZj1w-/","18181829572333670
18371446144144126","490","0","0"
"612948","2025-08-20","Facebook","泰熙爾 札娜寶石學院 - 世界各式彩寶.原礦批發 - 代客切磨 . 教學     Tahir Zainab Gems & Rough of World","POST 2025/08/20 13:48","2","影片 / Reel","https://www.facebook.com/681888940617724/videos/1266161061664488
https://www.facebook.com/reel/1247222757211806/","1627804834169159_1229977415808871
1627804834169159_1284634830343129","253","0","0"
"612901","2025-08-20","Facebook","泰熙爾 札娜寶石學院 - 世界各式彩寶.原礦批發 - 代客切磨 . 教學     Tahir Zainab Gems & Rough of World","祖母綠經典婚戒・璀璨永恆的承諾 💚","4","影片 / Reel","https://www.facebook.com/681888940617724/videos/1109099181187353
https://www.facebook.com/reel/2016954309075161/
https://www.facebook.com/reel/1101743641851441/
https://www.facebook.com/reel/1602308060767449/","1627804834169159_1231505772322702
1627804834169159_1265618675578078
1627804834169159_1309407121199233
1627804834169159_1353166286823316","166","0","0"
"612616","2025-08-19","Facebook","泰熙爾 札娜寶石學院 - 世界各式彩寶.原礦批發 - 代客切磨 . 教學     Tahir Zainab Gems & Rough of World","珠寶等級紫水晶限量登場！💎","5","影片 / Reel","https://www.facebook.com/681888940617724/videos/1807539039870593
https://www.facebook.com/reel/1321285562912583/
https://www.facebook.com/reel/1382208396662110/
https://www.facebook.com/reel/25636006306005027/
https://www.facebook.com/reel/3974318292866304/","1627804834169159_1230613289078617
1627804834169159_1251283753678237
1627804834169159_1263863769086902
1627804834169159_1307732804699998
1627804834169159_1353164306823514","315","0","0"
"612577","2025-08-18","Instagram","tzgems1111","POST 2025/08/18 23:20 活動","1","Reel","https://www.instagram.com/reel/DNgD5dDvyx_/","18036187439462682","157","0","0"
"612412","2025-08-18","Facebook","泰熙爾 札娜寶石學院 - 世界各式彩寶.原礦批發 - 代客切磨 . 教學     Tahir Zainab Gems & Rough of World","寵粉閨蜜藍色托帕石戒指(三色可選)","3","影片 / Reel","https://www.facebook.com/681888940617724/videos/2010320726403090
https://www.facebook.com/reel/1508264740209691/
https://www.facebook.com/reel/817972761240611/","1627804834169159_1229766345829978
1627804834169159_1264747595665186
1627804834169159_1308565247950087","11","0","0"
"612137","2025-08-17","Facebook","泰熙爾 札娜寶石學院 - 世界各式彩寶.原礦批發 - 代客切磨 . 教學     Tahir Zainab Gems & Rough of World","POST 2025/08/17 13:44","1","影片","https://www.facebook.com/681888940617724/videos/741582335307822","1627804834169159_1228749189265027","1","0","0"
"611932","2025-08-15","Facebook","泰熙爾 札娜寶石學院 - 世界各式彩寶.原礦批發 - 代客切磨 . 教學     Tahir Zainab Gems & Rough of World","POST 2025/08/16 03:20蓮花","4","影片 / Reel","https://www.facebook.com/681888940617724/videos/1149539080555609
https://www.facebook.com/reel/775462745408221/
https://www.facebook.com/reel/1889423101990772/
https://www.facebook.com/reel/1178378350494273/","1627804834169159_1227331339406812
1627804834169159_1250302367109709
1627804834169159_1281002620706350
1627804834169159_1323504709789474","128","110","5000"
"611846","2025-08-15","Facebook","泰熙爾 札娜寶石學院 - 世界各式彩寶.原礦批發 - 代客切磨 . 教學     Tahir Zainab Gems & Rough of World","POST 2025/08/15 19:30","1","影片","https://www.facebook.com/681888940617724/videos/1245556267316744","1627804834169159_1227276826078930","62","0","0"
"611823","2025-08-15","Instagram","tzgems1111","POST 2025/08/15 18:56","1","Reel","https://www.instagram.com/reel/DNX7XWkPZe7/","18090903118663729","283","0","0"
"611662","2025-08-15","Facebook","泰熙爾 札娜寶石學院 - 世界各式彩寶.原礦批發 - 代客切磨 . 教學     Tahir Zainab Gems & Rough of World","(皇冠)祖母綠戒指👩‍👧 母女對戒","3","影片 / Reel","https://www.facebook.com/681888940617724/videos/1417784432854556
https://www.facebook.com/reel/821810973622479/
https://www.facebook.com/reel/32492389453737844/","1627804834169159_1227219979417948
1627804834169159_1262999592506653
1627804834169159_1306824004790878","2","0","0"
"611617","2025-08-14","Instagram","tzgems1111","POST 2025/08/14 21:46馬來西亞","1","Reel","https://www.instagram.com/reel/DNVcpGHPorJ/","18121631818480882","0","0","0"
"611487","2025-08-14","Facebook","泰熙爾 札娜寶石學院 - 世界各式彩寶.原礦批發 - 代客切磨 . 教學     Tahir Zainab Gems & Rough of World","18K真鑽 海藍寶手鍊&耳釘","4","影片 / Reel","https://www.facebook.com/681888940617724/videos/639677012021514
https://www.facebook.com/reel/2000099217406449/
https://www.facebook.com/reel/4044186299178379/
https://www.facebook.com/reel/797112813352096/","1627804834169159_1226311686175444
1627804834169159_1262111322595480
1627804834169159_1305843341555611
1627804834169159_1353163546823590","79","0","0"
"610933","2025-08-13","Facebook","泰熙爾 札娜寶石學院 - 世界各式彩寶.原礦批發 - 代客切磨 . 教學     Tahir Zainab Gems & Rough of World","小資珠寶 寵粉EP.1 心型托帕石","3","影片 / Reel","https://www.facebook.com/681888940617724/videos/1436734770923676
https://www.facebook.com/reel/1901333877430638/
https://www.facebook.com/reel/1539367313748598/","1627804834169159_1225438126262800
1627804834169159_1261168579356421
1627804834169159_1304909504982328","72","0","0"
"610598","2025-08-12","Facebook","泰熙爾 札娜寶石學院 - 世界各式彩寶.原礦批發 - 代客切磨 . 教學     Tahir Zainab Gems & Rough of World","🌸風信子石&💚透輝石(裸石)","3","影片 / Reel","https://www.facebook.com/681888940617724/videos/1101862824643143
https://www.facebook.com/reel/772631458740452/
https://www.facebook.com/reel/1337235887539556/","1627804834169159_1224612816345331
1627804834169159_1260280946111851
1627804834169159_1303967451743200","187","0","0"
"610330","2025-08-11","Facebook","泰熙爾 札娜寶石學院 - 世界各式彩寶.原礦批發 - 代客切磨 . 教學     Tahir Zainab Gems & Rough of World","16石💎寵粉戒指💎","4","影片 / Reel","https://www.facebook.com/681888940617724/videos/1068273442094512
https://www.facebook.com/reel/863930172728261/
https://www.facebook.com/reel/1314300993320445/
https://www.facebook.com/reel/1432431868531361/","1627804834169159_1223756256430987
1627804834169159_1257566309716648
1627804834169159_1303033758503236
1627804834169159_1353162483490363","18","0","0"
"610076","2025-08-10","Facebook","","POST 2025/08/10 11:25琥珀","0","","","","0","0","0"
"609954","2025-08-09","Facebook","泰熙爾 札娜寶石學院 - 世界各式彩寶.原礦批發 - 代客切磨 . 教學     Tahir Zainab Gems & Rough of World","POST 2025/08/09 14:49小螃蟹","3","影片 / Reel","https://www.facebook.com/681888940617724/videos/1797384994191308
https://www.facebook.com/reel/2290967741350811/
https://www.facebook.com/reel/1385600856435201/","1627804834169159_1221958453277434
1627804834169159_1282797130526899
1627804834169159_1325124036294208","30","19","0"
"609953","2025-08-09","Instagram","tzgems1111","POST 2025/08/09 小螃蟹","1","Reel","https://www.instagram.com/reel/DNH9MOgvNsi/","18088411852688305","12","10","0"
"609851","2025-08-08","Facebook","泰熙爾 札娜寶石學院 - 世界各式彩寶.原礦批發 - 代客切磨 . 教學     Tahir Zainab Gems & Rough of World","寵粉訂製 招財貓頭鷹","4","Reel","https://www.facebook.com/reel/784895847281556/
https://www.facebook.com/reel/1531278874662991/
https://www.facebook.com/reel/1521461565812534/
https://www.facebook.com/reel/1291155419353325/","1627804834169159_1256519733154639
1627804834169159_1302175505255728
1627804834169159_1353161773490434
1627804834169159_1222994466507166","18","0","0"
"609846","2025-08-08","Facebook","泰熙爾 札娜寶石學院 - 世界各式彩寶.原礦批發 - 代客切磨 . 教學     Tahir Zainab Gems & Rough of World","視頻同款海龜項鍊!來了","4","影片 / Reel","https://www.facebook.com/681888940617724/videos/1019637493582191
https://www.facebook.com/reel/1103916211929312/
https://www.facebook.com/reel/1802725553717483/
https://www.facebook.com/reel/1432866181533141/","1627804834169159_1222162489923697
1627804834169159_1255634056576540
1627804834169159_1301233358683276
1627804834169159_1353158943490717","15","0","0"
"609842","2025-08-08","Facebook","泰熙爾 札娜寶石學院 - 世界各式彩寶.原礦批發 - 代客切磨 . 教學     Tahir Zainab Gems & Rough of World","12生肖開運寶石","5","影片 / Reel","https://www.facebook.com/681888940617724/videos/1492518671767291
https://www.facebook.com/681888940617724/videos/1233312995149621
https://www.facebook.com/reel/2562690534101780/
https://www.facebook.com/reel/2024609291631450/
https://www.facebook.com/reel/2273604993133617/","1627804834169159_1221266603346619
1627804834169159_1248549847284961
1627804834169159_1254748886665057
1627804834169159_1300338178772794
1627804834169159_1353155050157773","197","0","0"
"609801","2025-08-08","Facebook","","寵粉 歐泊+小螃蟹串珠項鏈｜八方好運來","0","","","","0","0","0"
"609788","2025-08-08","Instagram","","寵粉 歐泊+小螃蟹串珠項鏈｜八方好運來","0","","","","0","0","0"
"608785","2025-08-06","Facebook","泰熙爾 札娜寶石學院 - 世界各式彩寶.原礦批發 - 代客切磨 . 教學     Tahir Zainab Gems & Rough of World","POST 2025/08/06 FB閃亮","1","影片","https://www.facebook.com/681888940617724/videos/1298059375369963","1627804834169159_1219477066858906","3","0","0"
"608768","2025-08-06","Instagram","tzgems1111","給女兒的鑽石套組","1","Reel","https://www.instagram.com/reel/DNAyZurv0fr/","17848804467533516","63","0","0"
"608034","2025-08-03","Facebook","泰熙爾 札娜寶石學院 - 世界各式彩寶.原礦批發 - 代客切磨 . 教學     Tahir Zainab Gems & Rough of World","POST 2025/08/03 19:33","1","影片","https://www.facebook.com/681888940617724/videos/1057381093042347","1627804834169159_1216720667134546","73","0","0"
"608031","2025-08-03","Facebook","泰熙爾 札娜寶石學院 - 世界各式彩寶.原礦批發 - 代客切磨 . 教學     Tahir Zainab Gems & Rough of World","蓮花","1","影片","https://www.facebook.com/681888940617724/videos/739862005355506","1627804834169159_1216746273798652","4","3","0"
"607871","2025-08-02","Facebook","泰熙爾 札娜寶石學院 - 世界各式彩寶.原礦批發 - 代客切磨 . 教學     Tahir Zainab Gems & Rough of World","極光級磷灰石｜稀有螢光藍火 寶石級切工","2","影片","https://www.facebook.com/681888940617724/videos/1243906980393575
https://www.facebook.com/681888940617724/videos/2005686543536621","1627804834169159_1216065533866726
1627804834169159_1216067567199856","2","0","0"
"607870","2025-08-02","Facebook","","極光級磷灰石｜稀有螢光藍火 寶石級切工","0","","","","0","0","0"
"607847","2025-08-02","Facebook","泰熙爾 札娜寶石學院 - 世界各式彩寶.原礦批發 - 代客切磨 . 教學     Tahir Zainab Gems & Rough of World","天然變彩歐泊墜飾","4","影片 / Reel","https://www.facebook.com/681888940617724/videos/758613806651555
https://www.facebook.com/reel/1852378865695672/
https://www.facebook.com/reel/1512992743186764/
https://www.facebook.com/reel/838841272283107/","1627804834169159_1216009510538995
1627804834169159_1253894066750539
1627804834169159_1299438728862739
1627804834169159_1353154260157852","56","0","0"
"607838","2025-08-02","Facebook","泰熙爾 札娜寶石學院 - 世界各式彩寶.原礦批發 - 代客切磨 . 教學     Tahir Zainab Gems & Rough of World","💎30分天然鑽石18白K項鍊｜限量寵粉優惠款","1","影片","https://www.facebook.com/681888940617724/videos/569350569592878","1627804834169159_1215996233873656","1","0","0"
"607673","2025-08-01","Facebook","泰熙爾 札娜寶石學院 - 世界各式彩寶.原礦批發 - 代客切磨 . 教學     Tahir Zainab Gems & Rough of World","琥珀手鍊","4","影片 / Reel","https://www.facebook.com/681888940617724/videos/24526028773726453
https://www.facebook.com/reel/1091405056470299/
https://www.facebook.com/reel/1187043423266898/
https://www.facebook.com/reel/1355161465531096/","1627804834169159_1215147847291828
1627804834169159_1249373983869214
1627804834169159_1278131144326831
1627804834169159_1322733746533237","443","0","0"
"607656","2025-08-01","Facebook","泰熙爾 札娜寶石學院 - 世界各式彩寶.原礦批發 - 代客切磨 . 教學     Tahir Zainab Gems & Rough of World","珠寶等級紫水晶限量登場","1","影片","https://www.facebook.com/681888940617724/videos/1371776920585042","1627804834169159_1215124570627489","116","0","0"
"607595","2025-08-01","Instagram","tzgems1111","珠寶等級紫水晶限量登場！💎2","1","Reel","https://www.instagram.com/reel/DMzuVqJJvQm/","17939112674915262","214","0","0"
"606962","2025-07-30","Instagram","tzgems1111","限量盲盒 · 蓮花色雙寶🌸","1","Reel","https://www.instagram.com/reel/DMu0tnSvQMY/","18403853575112032","76","0","0"
"606958","2025-07-30","Instagram","","POST 2025/07/30 19:57","0","","","","0","0","0"
"605663","2025-07-26","FB_GROUP","","POST 2025/07/26 12:45","0","","","","0","0","0"
"605662","2025-07-26","Facebook","","POST 2025/07/26 12:44","0","","","","0","0","0"
"605379","2025-07-25","Instagram","tzgems1111","天然琥珀寵粉","2","Reel","https://www.instagram.com/reel/DMh3eowvWGU/
https://www.instagram.com/reel/DPqi2zFj7jB/","18093154633567149
18094048630747822","444","0","0"
"603519","2025-07-19","Instagram","tzgems1111","POST 2025/07/19 16:26","1","Reel","https://www.instagram.com/reel/DMRuthVv56U/","18081147244880039","84","3","0"
"602690","2025-07-16","Instagram","tzgems1111","POST 2025/07/16 21:39","1","Reel","https://www.instagram.com/reel/DMK6r6tvIM1/","18074477638778225","114","0","0"
"600166","2025-07-09","Instagram","tzgems1111","放漏歐泊","1","Reel","https://www.instagram.com/reel/DL9teVyPbmE/","18512435716029674","133","0","0"
"599881","2025-07-08","Instagram","","2改十二生肖寶石","0","","","","0","0","0"
"598964","2025-07-04","Instagram","","能量精油","0","","","","0","0","0"
"598842","2025-07-04","Instagram","tzgems1111","給女兒做的30分天然鑽石18白k項鍊","1","Reel","https://www.instagram.com/reel/DLru0DGPVmQ/","18348625759083002","23","0","0"
"596429","2025-06-27","Instagram","tzgems1111","自帶光芒・天然歐泊手鏈","2","Reel","https://www.instagram.com/reel/DLZnWR7Pf2H/
https://www.instagram.com/reel/DOx8PxZj1TL/","18051812135613031
17850257472555660","286","129","26730"
"594783","2025-06-24","Instagram","tzgems1111","強力招桃花的寶石","1","Reel","https://www.instagram.com/reel/DPi5iJ3jxqU/","18528717637003283","74","0","0"
"594683","2025-06-24","Instagram","tzgems1111","寵粉平步青雲手串(金運石&綠幽靈)","1","Reel","https://www.instagram.com/reel/DLSNHGoPlrM/","18025745840699446","685","321","53946"
"591325","2025-06-13","Instagram","","灰珍珠項鍊","0","","","","0","0","0"
"591314","2025-06-13","Instagram","tzgems1111","女神節特惠款💥百搭大魔王 3-4mm 天然淡水強光白亮珍珠 項鍊 手鍊","1","Reel","https://www.instagram.com/reel/DReo24KjxKl/","18066401009420480","26","0","0"
"591263","2025-06-13","Instagram","tzgems1111","泡泡手鍊","1","Reel","https://www.instagram.com/reel/DK1vyKQvodM/","18048318188410168","59","0","0"
"591262","2025-06-13","Instagram","tzgems1111","坦桑石裸石+訂製戒指、墜飾","1","Reel","https://www.instagram.com/reel/DK69EG3PxNO/","18051180137121272","55","0","0"
"589410","2025-06-09","Instagram","","保養品3件套組3980","0","","","","0","0","0"
"589409","2025-06-09","Instagram","tzgems1111","保養品全系列","1","Reel","https://www.instagram.com/reel/DLH5GGlvGXD/","17858068812441869","268","256","3980"
"588366","2025-06-05","Instagram","tzgems1111","阿富汗海水藍寶","2","Reel","https://www.instagram.com/reel/DKj1ex3vxiA/
https://www.instagram.com/reel/DRcGPN5D-9n/","18271874671277323
18354168106164223","99","0","0"
"583876","2025-05-23","Instagram","tzgems1111","寵粉彩虹黑曜岩手串","1","Reel","https://www.instagram.com/reel/DKrRIBovrmR/","18315445726230064","306","282","19500"
"583573","2025-05-22","Instagram","tzgems1111","12星座守護寶石","1","Reel","https://www.instagram.com/reel/DKHV_u_valL/","18130669654424257","358","0","0"
"581541","2025-05-16","Instagram","tzgems1111","奕霆小米珠","1","Reel","https://www.instagram.com/reel/DJtciB6PVc1/","18046340357160588","14","0","0"
"578128","2025-05-06","Instagram","tzgems1111","寵粉開運鈦晶項鍊","2","Reel","https://www.instagram.com/reel/DJTw8ImPn9z/
https://www.instagram.com/reel/DQEVaBaD2Ly/","18010578653736327
18070179758207962","448","333","31000"
"577692","2025-05-04","Instagram","tzgems1111","寵粉彩藍寶有錢花戒指","1","Reel","https://www.instagram.com/reel/DJOj7qHvukj/","18053796227015422","14","13","24000"
"576495","2025-04-30","Instagram","tzgems1111","時來運轉","1","Reel","https://www.instagram.com/reel/DJL_FVpPjrw/","17866997883282454","185","0","0"
"575904","2025-04-28","Instagram","tzgems1111","✨莫桑鑽戒指✨","1","Reel","https://www.instagram.com/reel/DJvbsyrvagr/","18109687897498022","47","45","6000"
"575189","2025-04-25","Instagram","tzgems1111","祖母綠經典婚戒","1","Reel","https://www.instagram.com/reel/DI8iXSlPYha/","18057669077150496","105","0","0"
"573780","2025-04-23","Instagram","tzgems1111","寵粉閨蜜藍色托帕石戒指(三色可選)","1","Reel","https://www.instagram.com/reel/DI0z2LwPqj1/","18074275921866885","20","0","0"
"573421","2025-04-22","Instagram","tzgems1111","珠寶等級紫水晶","1","Reel","https://www.instagram.com/reel/DIvpI5_P0S_/","18057654251326441","89","0","0"
"572802","2025-04-19","Instagram","","皇冠祖母綠","0","","","","0","0","0"
"572481","2025-04-18","FB_GROUP","","POST 2025/04/18 15:36","0","","","","0","0","0"
"572480","2025-04-18","Facebook","","POST 2025/04/18 15:35","0","","","","0","0","0"
"572161","2025-04-17","Instagram","tzgems1111","招商代理","2","Reel","https://www.instagram.com/reel/DIn79LaP1-4/
https://www.instagram.com/reel/DJq6PaQvvma/","18078142786688960
18073456849728812","142","11","0"
"572159","2025-04-17","Instagram","","皇冠 祖母綠","0","","","","0","0","0"
"572153","2025-04-17","Instagram","","1克拉莫桑鑽寵粉優惠","0","","","","0","0","0"
"572151","2025-04-17","Instagram","tzgems1111","皇冠 祖母綠","1","Reel","https://www.instagram.com/reel/DIqgwqyvnJr/","18501019237028570","10","0","0"
"572146","2025-04-17","Instagram","","寵粉1000捧花莫桑鑽","0","","","","0","0","0"
"571121","2025-04-15","Instagram","tzgems1111","18K真鑽 海藍寶手鍊&耳釘","1","Reel","https://www.instagram.com/reel/DIdnK_LvFXZ/","18124044469429598","68","0","0"
"570070","2025-04-11","Facebook","","POST 2025/04/11 19:59","0","","","","0","0","0"
"570039","2025-04-11","Instagram","tzgems1111","POST 2025/04/11 18:21","1","Reel","https://www.instagram.com/reel/DITXJoMPGuJ/","18057652910140930","155","1","0"
"570038","2025-04-11","Instagram","","POST 2025/04/11 18:20","0","","","","0","0","0"
"570028","2025-04-11","Instagram","","💚 祖母綠蝴蝶結戒指","0","","","","0","0","0"
"569911","2025-04-11","Instagram","","POST 2025/04/11 13:26","0","","","","0","0","0"
"569881","2025-04-11","Instagram","tzgems1111","寶石切割","1","Reel","https://www.instagram.com/reel/DIQxY7Gv7SV/","18126568843422876","0","0","0"
"569847","2025-04-11","Instagram","tzgems1111","🌸風信子石&💚透輝石(裸石)","1","Reel","https://www.instagram.com/reel/DIV6eDRPfXq/","18041696183573751","214","0","0"
"569017","2025-04-09","Instagram","","寶石咖啡杯迷你綠曜石吊墜","0","","","","0","0","0"
"567299","2025-04-04","Instagram","","綠柱石貔貅寶石","0","","","","0","0","0"
"566567","2025-04-02","Instagram","","綠柱石貔貅寶石","0","","","","0","0","0"
"566552","2025-04-02","Facebook","","POST 2025/04/02 11:05","0","","","","0","0","0"
"566539","2025-04-02","Instagram","tzgems1111","16石寵粉戒指","1","Reel","https://www.instagram.com/reel/DH-vR5RPGuM/","17959843889870655","31","0","0"
"566074","2025-03-31","Instagram","tzgems1111","寵粉訂製 招財貓頭鷹","1","Reel","https://www.instagram.com/reel/DIiyWkIvq1v/","18057920072280053","35","0","0"
"564877","2025-03-27","Instagram","tzgems1111","夢幻海龜吊墜","1","Reel","https://www.instagram.com/reel/DIYfMObvBkU/","18028475072401870","34","0","0"
"564453","2025-03-26","Instagram","","POST 2025/03/26 21:58","0","","","","0","0","0"
"563671","2025-03-25","Instagram","tzgems1111","女神節特惠款💥百搭大魔王 3-4mm 天然淡水強光白亮珍珠 項鍊 手鍊","2","Reel","https://www.instagram.com/reel/DHn_Xuov4K3/
https://www.instagram.com/reel/DJglfM4vmP9/","18474886381071165
18038141582305952","25","4","7000"
"562321","2025-03-20","Instagram","tzgems1111","💎開運寶石💎","1","Reel","https://www.instagram.com/reel/DHqjkvkP_Ur/","18138781174385221","199","0","0"
"561894","2025-03-19","Instagram","tzgems1111","天然蛋白石墜飾","1","Reel","https://www.instagram.com/reel/DHYdJCZvg9g/","18009048629542621","72","0","0"
"561435","2025-03-18","Instagram","","蛋白石","0","","","","0","0","0"
"558940","2025-03-12","Instagram","","POST 2025/03/12 16:54","0","","","","0","0","0"
"558935","2025-03-12","Instagram","","蛋白石","0","","","","0","0","0"
"557254","2025-03-06","Instagram","tzgems1111","吹風機","1","Reel","https://www.instagram.com/reel/DG2-lybvZG9/","18072872242698727","15","0","0"
"555182","2025-02-27","Instagram","tzgems1111","POST 2025/02/27 21:02","1","Reel","https://www.instagram.com/reel/DGkrJFAvn-K/","17884323024229109","50","0","0"
"550423","2025-02-13","Instagram","","金木水火土","0","","","","0","0","0"
"548343","2025-02-06","Instagram","tzgems1111","POST 2025/02/06 17:42","1","Reel","https://www.instagram.com/reel/DFIGJlavT0-/","17873348262266692","6","1","0"
"403563","2024-01-02","Facebook","","未來寶石","0","","","","0","0","0"
"402917","2024-01-01","Facebook","泰熙爾 札娜寶石學院 - 世界各式彩寶.原礦批發 - 代客切磨 . 教學     Tahir Zainab Gems & Rough of World","POST 2024/01/01 12:35","1","動態更新","https://www.facebook.com/681888940617724/posts/786619816811302","1627804834169159_786619816811302","0","0","0"
"402722","2023-12-30","Facebook","泰熙爾 札娜寶石學院 - 世界各式彩寶.原礦批發 - 代客切磨 . 教學     Tahir Zainab Gems & Rough of World","POST 2023/12/30 15:01","1","照片","https://www.facebook.com/681888940617724/posts/785485613591389","1627804834169159_785485613591389","0","0","0"
"402612","2023-12-29","Facebook","泰熙爾 札娜寶石學院 - 世界各式彩寶.原礦批發 - 代客切磨 . 教學     Tahir Zainab Gems & Rough of World","線戒","1","照片","https://www.facebook.com/681888940617724/posts/785044933635457","1627804834169159_785044933635457","0","0","0"
"402284","2023-12-28","Facebook","泰熙爾 札娜寶石學院 - 世界各式彩寶.原礦批發 - 代客切磨 . 教學     Tahir Zainab Gems & Rough of World","紅石榴石耳環","1","照片","https://www.facebook.com/681888940617724/posts/784347003705250","1627804834169159_784347003705250","0","0","0"
"401951","2023-12-27","Facebook","泰熙爾 札娜寶石學院 - 世界各式彩寶.原礦批發 - 代客切磨 . 教學     Tahir Zainab Gems & Rough of World","POST 2023/12/27 22:08","1","照片","https://www.facebook.com/681888940617724/posts/783827777090506","1627804834169159_783827777090506","1","1","0"
"401926","2023-12-27","Facebook","泰熙爾 札娜寶石學院 - 世界各式彩寶.原礦批發 - 代客切磨 . 教學     Tahir Zainab Gems & Rough of World","黃鑽項鍊","1","照片","https://www.facebook.com/681888940617724/posts/783770270429590","1627804834169159_783770270429590","0","0","0"
"401460","2023-12-27","Facebook","泰熙爾 札娜寶石學院 - 世界各式彩寶.原礦批發 - 代客切磨 . 教學     Tahir Zainab Gems & Rough of World","藍拓帕石戒指","1","照片","https://www.facebook.com/681888940617724/posts/783744927098791","1627804834169159_783744927098791","1","1","0"
"401454","2023-12-27","Facebook","","拓帕石","0","","","","0","0","0"
"401437","2023-12-27","Facebook","泰熙爾 札娜寶石學院 - 世界各式彩寶.原礦批發 - 代客切磨 . 教學     Tahir Zainab Gems & Rough of World","白歐泊吊墜","1","照片","https://www.facebook.com/681888940617724/posts/783621737111110","1627804834169159_783621737111110","0","0","0"
"401399","2023-12-27","Facebook","","坦桑石問世後，知名國際珠寶品牌Tiffany & Co.將這種寶石按照其來源國家，命名為坦桑石。1968年Tiffany & Co.首次將這種珍罕寶石引入珠寶圈，並在珠寶業界造成一片轟動與熱潮，寶石專家和珠寶商人甚至讚譽它為「20世紀的寶石」。""坦桑石之舞"" – 優雅、獨特的坦桑石系列，讓您的生活散發奇蹟光芒。市價36000優惠價18000定訂製款今天$9000數量有限","0","","","","0","0","0"
"401395","2023-12-27","Facebook","","POST 2023/12/27 12:48","0","","","","0","0","0"
"401393","2023-12-27","Facebook","","聖誕節🎄元旦 活動-黃鑽項鍊⭐ 買到賺到 品質一如既往的好  性價比無敵 原價 8.8萬 一口價出售 🉐️4萬 ‼️‼️ 每款限量1件","0","","","","0","0","0"
"401384","2023-12-27","Facebook","","copy-(🎶💤 閉眼入門級珍珠項鍊「小米珠」baby珠項鍊 一定要get這條「小米珠」項鍊4-4.5mm~以小燈泡著名的 baby珠串成一條高品質的 baby珍珠項鍊，無論是疊戴還是單戴都超美)-(20231227120123)","0","","","","0","0","0"
"401361","2023-12-27","Facebook","泰熙爾 札娜寶石學院 - 世界各式彩寶.原礦批發 - 代客切磨 . 教學     Tahir Zainab Gems & Rough of World","🎶💤 閉眼入門級珍珠項鍊「小米珠」baby珠項鍊 一定要get這條「小米珠」項鍊4-4.5mm~以小燈泡著名的 baby珠串成一條高品質的 baby珍珠項鍊，無論是疊戴還是單戴都超美 😍¥9000","2","照片","https://www.facebook.com/681888940617724/posts/783559057117378
https://www.facebook.com/681888940617724/posts/783560723783878","1627804834169159_783559057117378
1627804834169159_783560723783878","4","1","0"
"400775","2023-12-23","Facebook","泰熙爾 札娜寶石學院 - 世界各式彩寶.原礦批發 - 代客切磨 . 教學     Tahir Zainab Gems & Rough of World","不要再錯過 ～ 鑽戒寵粉＋1來了 ！","1","照片","https://www.facebook.com/681888940617724/posts/781219660684651","1627804834169159_781219660684651","76","15","0"
